method,duration_clock,duration_mono,duration_sys,n_mpi,x_grid_cuda,y_grid_cuda,x_block_cuda,y_block_cuda,n_threads,interaction
omp,28.140581,16.547742,16.547741,,,,,,2,1
omp,27.748264,16.359286,16.359285,,,,,,2,2
omp,27.096600,15.793904,15.793902,,,,,,2,3
omp,27.125263,15.712073,15.712071,,,,,,2,4
omp,27.244149,15.942672,15.942670,,,,,,2,5
omp,27.093772,15.945103,15.945101,,,,,,2,6
omp,26.878742,15.551339,15.551338,,,,,,2,7
omp,27.568217,16.500101,16.500100,,,,,,2,8
omp,26.628492,15.643280,15.643278,,,,,,2,9
omp,26.805118,15.788667,15.788666,,,,,,2,10
omp,27.035590,15.973905,15.973903,,,,,,2,11
omp,26.950380,15.230309,15.230309,,,,,,2,12
omp,27.264977,15.630966,15.630965,,,,,,2,13
omp,27.333601,16.158084,16.158083,,,,,,2,14
omp,27.904302,16.724379,16.724379,,,,,,2,15
omp,27.175830,8.774851,8.774849,,,,,,4,1
omp,27.583832,9.401674,9.401672,,,,,,4,2
omp,27.035899,9.025708,9.025707,,,,,,4,3
omp,27.300999,9.220005,9.220003,,,,,,4,4
omp,27.239764,9.178735,9.178733,,,,,,4,5
omp,27.317316,9.259739,9.259738,,,,,,4,6
omp,27.856231,9.297266,9.297264,,,,,,4,7
omp,27.106087,9.245244,9.245241,,,,,,4,8
omp,28.360710,10.163863,10.163863,,,,,,4,9
omp,27.045561,8.899322,8.899320,,,,,,4,10
omp,26.818914,8.978603,8.978601,,,,,,4,11
omp,27.090657,8.935498,8.935496,,,,,,4,12
omp,27.113215,9.109184,9.109183,,,,,,4,13
omp,26.806063,8.973720,8.973718,,,,,,4,14
omp,28.197361,9.690451,9.690451,,,,,,4,15
omp,27.474124,5.526759,5.526758,,,,,,8,1
omp,28.573417,6.338024,6.338023,,,,,,8,2
omp,28.484031,5.745976,5.745974,,,,,,8,3
omp,28.200746,5.976234,5.976233,,,,,,8,4
omp,28.258511,5.897895,5.897894,,,,,,8,5
omp,30.295366,6.613979,6.613978,,,,,,8,6
omp,27.580464,5.646558,5.646556,,,,,,8,7
omp,29.240335,6.134552,6.134551,,,,,,8,8
omp,28.265364,5.695869,5.695868,,,,,,8,9
omp,28.644515,5.685113,5.685111,,,,,,8,10
omp,28.621916,5.804547,5.804546,,,,,,8,11
omp,28.021554,5.684376,5.684375,,,,,,8,12
omp,28.104810,6.187564,6.187562,,,,,,8,13
omp,27.765525,5.589073,5.589071,,,,,,8,14
omp,28.929625,5.886229,5.886229,,,,,,8,15
omp,30.382784,4.033602,4.033601,,,,,,16,1
omp,31.645240,4.448125,4.448124,,,,,,16,2
omp,29.996721,4.109147,4.109145,,,,,,16,3
omp,30.174253,4.321176,4.321175,,,,,,16,4
omp,32.075095,4.903471,4.903469,,,,,,16,5
omp,29.398598,4.197976,4.197975,,,,,,16,6
omp,32.225503,4.915455,4.915453,,,,,,16,7
omp,29.660928,4.841234,4.841234,,,,,,16,8
omp,29.604418,4.552261,4.552259,,,,,,16,9
omp,30.620017,4.794867,4.794866,,,,,,16,10
omp,29.187195,4.242742,4.242741,,,,,,16,11
omp,30.366976,4.018550,4.018550,,,,,,16,12
omp,29.835101,4.771556,4.771554,,,,,,16,13
omp,29.420669,4.208495,4.208494,,,,,,16,14
omp,29.095438,4.102168,4.102167,,,,,,16,15
omp,39.878052,3.825294,3.825294,,,,,,32,1
omp,38.004578,3.754468,3.754467,,,,,,32,2
omp,36.676508,3.346709,3.346708,,,,,,32,3
omp,40.325696,3.527682,3.527681,,,,,,32,4
omp,40.008016,3.807222,3.807222,,,,,,32,5
omp,40.991132,3.702249,3.702248,,,,,,32,6
omp,39.993486,3.509200,3.509199,,,,,,32,7
omp,42.253955,3.422313,3.422312,,,,,,32,8
omp,40.127016,3.343697,3.343696,,,,,,32,9
omp,37.016955,3.275689,3.275688,,,,,,32,10
omp,37.483265,3.373571,3.373570,,,,,,32,11
omp,37.292160,3.729721,3.729721,,,,,,32,12
omp,37.026759,3.236605,3.236604,,,,,,32,13
omp,39.884155,3.626975,3.626973,,,,,,32,14
omp,38.010876,3.448949,3.448948,,,,,,32,15
omp,37.145170,3.215078,3.215077,,,,,,64,1
omp,39.752179,3.413226,3.413224,,,,,,64,2
omp,37.355489,3.389295,3.389295,,,,,,64,3
omp,41.352704,3.547774,3.547774,,,,,,64,4
omp,37.938111,3.566644,3.566643,,,,,,64,5
omp,41.448672,3.552815,3.552813,,,,,,64,6
omp,40.080302,3.690448,3.690446,,,,,,64,7
omp,42.333848,3.687273,3.687272,,,,,,64,8
omp,44.087771,4.062714,4.062713,,,,,,64,9
omp,37.338813,3.508070,3.508070,,,,,,64,10
omp,38.954490,3.281468,3.281466,,,,,,64,11
omp,38.971310,3.473833,3.473830,,,,,,64,12
omp,40.136619,3.579937,3.579936,,,,,,64,13
omp,38.868971,3.400709,3.400708,,,,,,64,14
omp,37.529862,3.223280,3.223279,,,,,,64,15
omp,37.364848,3.347774,3.347772,,,,,,128,1
omp,37.438095,3.322070,3.322068,,,,,,128,2
omp,40.613055,3.313422,3.313421,,,,,,128,3
omp,40.332679,3.409200,3.409198,,,,,,128,4
omp,37.472262,3.248694,3.248693,,,,,,128,5
omp,39.886783,3.404753,3.404751,,,,,,128,6
omp,43.364907,3.312802,3.312801,,,,,,128,7
omp,37.748357,3.237646,3.237646,,,,,,128,8
omp,42.260899,3.693670,3.693669,,,,,,128,9
omp,38.968519,3.115789,3.115787,,,,,,128,10
omp,43.937158,3.276814,3.276813,,,,,,128,11
omp,37.665710,2.882132,2.882132,,,,,,128,12
omp,35.892047,3.563743,3.563741,,,,,,128,13
omp,38.209436,3.864048,3.864046,,,,,,128,14
omp,36.638033,3.399419,3.399419,,,,,,128,15
ompi,30.536677,31.337366 ,31.337363,1,,,,,,1
ompi,29.981214,30.740520 ,30.740518,1,,,,,,2
ompi,30.779974,31.498182 ,31.498179,1,,,,,,3
ompi,30.230507,30.920496 ,30.920493,1,,,,,,4
ompi,30.007043,30.745001 ,30.744998,1,,,,,,5
ompi,29.922300,30.653999 ,30.653997,1,,,,,,6
ompi,30.272862,31.078420 ,31.078417,1,,,,,,7
ompi,30.560879,31.222883 ,31.222881,1,,,,,,8
ompi,30.309791,30.913371 ,30.913369,1,,,,,,9
ompi,30.225765,31.101851 ,31.101850,1,,,,,,10
ompi,29.974381,30.727406 ,30.727404,1,,,,,,11
ompi,30.256589,30.864421 ,30.864419,1,,,,,,12
ompi,30.785125,31.590553 ,31.590550,1,,,,,,13
ompi,30.944884,31.581870 ,31.581868,1,,,,,,14
ompi,30.468581,31.122948 ,31.122945,1,,,,,,15
ompi,16.770638,17.577553 ,17.577551,2,,,,,,1
ompi,16.827066,17.583684 ,17.583681,2,,,,,,2
ompi,16.555785,17.194421 ,17.194418,2,,,,,,3
ompi,16.815641,17.595306 ,17.595303,2,,,,,,4
ompi,16.800119,18.020021 ,18.020018,2,,,,,,5
ompi,16.907216,17.551047 ,17.551045,2,,,,,,6
ompi,16.827301,17.628508 ,17.628506,2,,,,,,7
ompi,16.809849,17.518274 ,17.518272,2,,,,,,8
ompi,16.846580,17.461836 ,17.461834,2,,,,,,9
ompi,16.750394,17.310801 ,17.310799,2,,,,,,10
ompi,16.419205,17.039954 ,17.039952,2,,,,,,11
ompi,16.502178,17.057646 ,17.057644,2,,,,,,12
ompi,16.468953,17.160623 ,17.160621,2,,,,,,13
ompi,16.556784,17.150208 ,17.150206,2,,,,,,14
ompi,16.759458,17.342295 ,17.342293,2,,,,,,15
ompi,9.617197,10.255566 ,10.255563,4,,,,,,1
ompi,9.860677,10.502860 ,10.502860,4,,,,,,2
ompi,10.085352,10.709768 ,10.709765,4,,,,,,3
ompi,9.865081,10.469305 ,10.469304,4,,,,,,4
ompi,9.834434,11.077580 ,11.077578,4,,,,,,5
ompi,9.888684,10.420069 ,10.420067,4,,,,,,6
ompi,9.572567,10.183281 ,10.183278,4,,,,,,7
ompi,9.917185,10.461477 ,10.461476,4,,,,,,8
ompi,9.600074,10.205523 ,10.205520,4,,,,,,9
ompi,9.912081,10.496735 ,10.496733,4,,,,,,10
ompi,9.633456,10.269425 ,10.269439,4,,,,,,11
ompi,9.904269,10.542495 ,10.542494,4,,,,,,12
ompi,9.966667,10.593480 ,10.593478,4,,,,,,13
ompi,9.853997,10.404113 ,10.404112,4,,,,,,14
ompi,9.917139,10.556117 ,10.556114,4,,,,,,15
ompi,6.489690,7.056300 ,7.056299,8,,,,,,1
ompi,6.752932,7.510897 ,7.510895,8,,,,,,2
ompi,6.434187,7.080883 ,7.080882,8,,,,,,3
ompi,6.418276,6.965165 ,6.965164,8,,,,,,4
ompi,6.447503,7.103990 ,7.103989,8,,,,,,5
ompi,6.483192,7.032592 ,7.032590,8,,,,,,6
ompi,6.430735,6.986059 ,6.986058,8,,,,,,7
ompi,6.745611,7.460432 ,7.460432,8,,,,,,8
ompi,6.758578,7.530438 ,7.530435,8,,,,,,9
ompi,6.747703,7.150719 ,7.150719,8,,,,,,10
ompi,6.731699,7.419768 ,7.419767,8,,,,,,11
ompi,6.745934,7.996747 ,7.996746,8,,,,,,12
ompi,6.449830,7.011257 ,7.011255,8,,,,,,13
ompi,6.415141,6.746963 ,6.746961,8,,,,,,14
ompi,6.752014,7.307743 ,7.307743,8,,,,,,15
ompi,5.052248,5.615643 ,5.615642,16,,,,,,1
ompi,4.996631,5.599179 ,5.599178,16,,,,,,2
ompi,5.012204,5.692217 ,5.692215,16,,,,,,3
ompi,5.256165,5.943065 ,5.943065,16,,,,,,4
ompi,4.991605,5.656304 ,5.656303,16,,,,,,5
ompi,5.097620,5.742109 ,5.742108,16,,,,,,6
ompi,5.242457,5.939712 ,5.939711,16,,,,,,7
ompi,5.221366,5.783639 ,5.783637,16,,,,,,8
ompi,5.553763,6.181077 ,6.181076,16,,,,,,9
ompi,5.068452,5.604701 ,5.604701,16,,,,,,10
ompi,4.996478,5.573474 ,5.573473,16,,,,,,11
ompi,5.013979,5.644870 ,5.644868,16,,,,,,12
ompi,5.024532,5.698027 ,5.698026,16,,,,,,13
ompi,5.247803,5.832086 ,5.832085,16,,,,,,14
ompi,4.982010,5.626329 ,5.626328,16,,,,,,15
ompi,4.846548,6.411352 ,6.411350,32,,,,,,1
ompi,4.939343,5.762381 ,5.762379,32,,,,,,2
ompi,4.917532,5.999421 ,5.999418,32,,,,,,3
ompi,4.952455,5.723062 ,5.723060,32,,,,,,4
ompi,4.799840,6.395882 ,6.395879,32,,,,,,5
ompi,4.859153,5.769974 ,5.769971,32,,,,,,6
ompi,5.338969,6.372763 ,6.372760,32,,,,,,7
ompi,4.688312,5.438224 ,5.438221,32,,,,,,8
ompi,5.118137,5.796689 ,5.796687,32,,,,,,9
ompi,4.735295,5.465755 ,5.465752,32,,,,,,10
ompi,4.874629,5.587449 ,5.587447,32,,,,,,11
ompi,4.761981,5.513044 ,5.513041,32,,,,,,12
ompi,4.865874,5.531378 ,5.531376,32,,,,,,13
ompi,4.948414,5.749577 ,5.749575,32,,,,,,14
ompi,4.587907,5.336113 ,5.336111,32,,,,,,15
ompi,5.660110,9.649506 ,9.649504,64,,,,,,1
ompi,5.146942,10.074867 ,10.074864,64,,,,,,2
ompi,5.409950,7.328062 ,7.328060,64,,,,,,3
ompi,4.617573,8.957749 ,8.957747,64,,,,,,4
ompi,4.767239,8.096879 ,8.096876,64,,,,,,5
ompi,5.150920,9.854482 ,9.854479,64,,,,,,6
ompi,4.748559,8.727891 ,8.727889,64,,,,,,7
ompi,4.690383,9.256752 ,9.256751,64,,,,,,8
ompi,4.782421,9.428609 ,9.428607,64,,,,,,9
ompi,5.349426,9.645329 ,9.645326,64,,,,,,10
ompi,5.289949,8.655843 ,8.655840,64,,,,,,11
ompi,4.667359,8.644456 ,8.644454,64,,,,,,12
ompi,4.605967,7.696180 ,7.696177,64,,,,,,13
ompi,4.763221,8.367127 ,8.367125,64,,,,,,14
ompi,4.738615,8.623976 ,8.623975,64,,,,,,15
ompi,5.193364,14.018269 ,14.018266,128,,,,,,1
ompi,4.903104,13.632722 ,13.632720,128,,,,,,2
ompi,5.324138,15.559736 ,15.559733,128,,,,,,3
ompi,5.261718,14.113142 ,14.113140,128,,,,,,4
ompi,4.573481,14.945725 ,14.945723,128,,,,,,5
ompi,4.564496,13.778193 ,13.778191,128,,,,,,6
ompi,4.610029,14.694805 ,14.694803,128,,,,,,7
ompi,4.701504,16.079541 ,16.079539,128,,,,,,8
ompi,4.608763,14.304103 ,14.304100,128,,,,,,9
ompi,5.078053,15.892985 ,15.892983,128,,,,,,10
ompi,4.569860,14.703756 ,14.703754,128,,,,,,11
ompi,5.120212,16.020908 ,16.020918,128,,,,,,12
ompi,4.758248,15.028074 ,15.028072,128,,,,,,13
ompi,4.632461,15.493031 ,15.493028,128,,,,,,14
ompi,4.704792,15.842826 ,15.842823,128,,,,,,15
pth,27.962630,16.259057 ,16.259056,,,,,,2,1
pth,27.735497,16.270398 ,16.270395,,,,,,2,2
pth,27.395393,15.958810 ,15.958810,,,,,,2,3
pth,27.109761,15.638564 ,15.638563,,,,,,2,4
pth,27.340283,16.002093 ,16.002092,,,,,,2,5
pth,27.649216,16.378558 ,16.378557,,,,,,2,6
pth,27.887468,16.399298 ,16.399298,,,,,,2,7
pth,27.320524,16.166926 ,16.166924,,,,,,2,8
pth,26.396959,15.501281 ,15.501281,,,,,,2,9
pth,26.785730,15.777668 ,15.777666,,,,,,2,10
pth,27.521887,16.125270 ,16.125269,,,,,,2,11
pth,26.698953,15.203883 ,15.203882,,,,,,2,12
pth,27.605244,16.441756 ,16.441755,,,,,,2,13
pth,26.968409,15.822483 ,15.822481,,,,,,2,14
pth,27.289986,15.901322 ,15.901321,,,,,,2,15
pth,28.114222,9.498789 ,9.498787,,,,,,4,1
pth,27.745884,9.054018 ,9.054016,,,,,,4,2
pth,28.381628,9.740664 ,9.740662,,,,,,4,3
pth,27.101421,9.303172 ,9.303171,,,,,,4,4
pth,27.874249,9.489177 ,9.489175,,,,,,4,5
pth,28.134092,9.497506 ,9.497505,,,,,,4,6
pth,27.924759,9.534093 ,9.534092,,,,,,4,7
pth,27.641778,9.180704 ,9.180703,,,,,,4,8
pth,27.910729,9.391953 ,9.391951,,,,,,4,9
pth,27.644587,9.256741 ,9.256741,,,,,,4,10
pth,27.130874,9.126049 ,9.126048,,,,,,4,11
pth,27.640326,9.206778 ,9.206776,,,,,,4,12
pth,27.903728,9.545061 ,9.545060,,,,,,4,13
pth,26.784516,8.885584 ,8.885582,,,,,,4,14
pth,27.314261,9.364892 ,9.364891,,,,,,4,15
pth,29.479285,6.120787 ,6.120785,,,,,,8,1
pth,28.868791,5.813068 ,5.813066,,,,,,8,2
pth,29.465068,6.259756 ,6.259754,,,,,,8,3
pth,28.340224,6.174777 ,6.174775,,,,,,8,4
pth,27.884652,5.821394 ,5.821392,,,,,,8,5
pth,29.471120,6.224862 ,6.224861,,,,,,8,6
pth,29.203349,6.039867 ,6.039865,,,,,,8,7
pth,28.014680,5.987746 ,5.987745,,,,,,8,8
pth,29.242114,6.144178 ,6.144177,,,,,,8,9
pth,29.490947,6.512083 ,6.512082,,,,,,8,10
pth,27.661859,5.623309 ,5.623307,,,,,,8,11
pth,29.228180,5.994576 ,5.994574,,,,,,8,12
pth,28.156397,6.046799 ,6.046798,,,,,,8,13
pth,29.562685,6.341657 ,6.341655,,,,,,8,14
pth,28.207407,6.236834 ,6.236833,,,,,,8,15
pth,29.211649,4.188940 ,4.188938,,,,,,16,1
pth,31.466583,4.470091 ,4.470089,,,,,,16,2
pth,31.602321,4.594382 ,4.594381,,,,,,16,3
pth,32.256328,4.938925 ,4.938923,,,,,,16,4
pth,32.193461,4.822758 ,4.822757,,,,,,16,5
pth,31.552703,4.515547 ,4.515545,,,,,,16,6
pth,32.211134,4.906205 ,4.906204,,,,,,16,7
pth,31.783269,4.480239 ,4.480238,,,,,,16,8
pth,32.168401,4.948989 ,4.948987,,,,,,16,9
pth,32.146473,4.673514 ,4.673512,,,,,,16,10
pth,31.295311,4.175178 ,4.175177,,,,,,16,11
pth,31.772728,4.694967 ,4.694966,,,,,,16,12
pth,31.149962,4.251971 ,4.251969,,,,,,16,13
pth,30.172410,4.333286 ,4.333284,,,,,,16,14
pth,30.690129,4.834019 ,4.834018,,,,,,16,15
pth,40.764077,3.619680 ,3.619678,,,,,,32,1
pth,39.263275,3.902801 ,3.902800,,,,,,32,2
pth,37.687888,3.852438 ,3.852436,,,,,,32,3
pth,41.398790,3.888511 ,3.888509,,,,,,32,4
pth,37.811837,3.494672 ,3.494671,,,,,,32,5
pth,40.428896,3.799273 ,3.799272,,,,,,32,6
pth,35.536613,3.837141 ,3.837140,,,,,,32,7
pth,41.400555,3.798616 ,3.798614,,,,,,32,8
pth,37.318339,3.722489 ,3.722488,,,,,,32,9
pth,35.131028,3.554695 ,3.554693,,,,,,32,10
pth,38.342467,3.510997 ,3.510996,,,,,,32,11
pth,40.598890,3.235949 ,3.235949,,,,,,32,12
pth,43.600729,3.892677 ,3.892676,,,,,,32,13
pth,42.136241,3.841988 ,3.841986,,,,,,32,14
pth,37.243545,4.464444 ,4.464443,,,,,,32,15
pth,38.173562,3.399883 ,3.399882,,,,,,64,1
pth,37.544795,3.451634 ,3.451633,,,,,,64,2
pth,37.620838,3.455508 ,3.455507,,,,,,64,3
pth,37.515942,3.415806 ,3.415804,,,,,,64,4
pth,37.647131,3.410842 ,3.410841,,,,,,64,5
pth,40.947272,3.419087 ,3.419086,,,,,,64,6
pth,39.368870,3.199768 ,3.199767,,,,,,64,7
pth,37.480797,3.348775 ,3.348774,,,,,,64,8
pth,37.503044,3.271769 ,3.271767,,,,,,64,9
pth,37.199965,3.101375 ,3.101373,,,,,,64,10
pth,37.637140,3.435304 ,3.435303,,,,,,64,11
pth,37.897508,3.712268 ,3.712268,,,,,,64,12
pth,35.438693,3.274264 ,3.274262,,,,,,64,13
pth,38.032513,3.337136 ,3.337134,,,,,,64,14
pth,42.548247,3.059774 ,3.059772,,,,,,64,15
pth,38.336936,3.484356 ,3.484355,,,,,,128,1
pth,38.734907,3.442434 ,3.442432,,,,,,128,2
pth,38.858809,3.352005 ,3.352003,,,,,,128,3
pth,43.807241,3.312686 ,3.312685,,,,,,128,4
pth,37.381060,2.969113 ,2.969112,,,,,,128,5
pth,37.907702,2.916488 ,2.916487,,,,,,128,6
pth,37.452112,3.158666 ,3.158665,,,,,,128,7
pth,37.814254,3.484872 ,3.484870,,,,,,128,8
pth,38.741430,3.371865 ,3.371863,,,,,,128,9
pth,37.816449,3.475235 ,3.475234,,,,,,128,10
pth,37.747157,3.368279 ,3.368277,,,,,,128,11
pth,41.097940,3.132118 ,3.132116,,,,,,128,12
pth,40.381514,3.341091 ,3.341089,,,,,,128,13
pth,37.676621,3.915912 ,3.915910,,,,,,128,14
pth,43.799522,3.354942 ,3.354942,,,,,,128,15
cuda,133.641380,134.345292 ,134.345290,,1,1,2,2,,1
cuda,131.102971,131.857105 ,131.857104,,1,1,2,2,,2
cuda,133.696605,134.321741 ,134.321740,,1,1,2,2,,3
cuda,133.831790,134.440664 ,134.440663,,1,1,2,2,,4
cuda,131.390054,132.049093 ,132.049091,,1,1,2,2,,5
cuda,131.123450,131.786792 ,131.786791,,1,1,2,2,,6
cuda,132.050487,132.814797 ,132.814795,,1,1,2,2,,7
cuda,133.741685,134.380999 ,134.380998,,1,1,2,2,,8
cuda,132.929533,133.579074 ,133.579072,,1,1,2,2,,9
cuda,132.653731,133.401067 ,133.401064,,1,1,2,2,,10
cuda,131.064649,131.685931 ,131.685929,,1,1,2,2,,11
cuda,131.235453,131.923097 ,131.923095,,1,1,2,2,,12
cuda,132.896648,133.586399 ,133.586397,,1,1,2,2,,13
cuda,131.352844,132.632642 ,132.632639,,1,1,2,2,,14
cuda,131.352897,131.986737 ,131.986736,,1,1,2,2,,15
cuda,35.114752,35.649139 ,35.649137,,1,1,4,4,,1
cuda,34.333145,35.233048 ,35.233047,,1,1,4,4,,2
cuda,34.875229,35.626967 ,35.626966,,1,1,4,4,,3
cuda,34.414291,35.094448 ,35.094446,,1,1,4,4,,4
cuda,35.196924,35.760859 ,35.760857,,1,1,4,4,,5
cuda,34.438792,35.005426 ,35.005423,,1,1,4,4,,6
cuda,34.792645,35.564926 ,35.564925,,1,1,4,4,,7
cuda,35.238606,35.944557 ,35.944556,,1,1,4,4,,8
cuda,34.898977,35.578345 ,35.578343,,1,1,4,4,,9
cuda,35.001996,35.695237 ,35.695236,,1,1,4,4,,10
cuda,31.931810,35.948596 ,35.948595,,1,1,4,4,,11
cuda,34.887104,36.157570 ,36.157567,,1,1,4,4,,12
cuda,34.362057,34.932231 ,34.932229,,1,1,4,4,,13
cuda,34.375706,35.067130 ,35.067128,,1,1,4,4,,14
cuda,34.819799,35.398426 ,35.398424,,1,1,4,4,,15
cuda,10.002673,10.676186 ,10.676185,,1,1,8,8,,1
cuda,9.970989,10.699865 ,10.699863,,1,1,8,8,,2
cuda,10.246489,10.932508 ,10.932506,,1,1,8,8,,3
cuda,10.222032,10.825778 ,10.825776,,1,1,8,8,,4
cuda,10.308554,10.859500 ,10.859498,,1,1,8,8,,5
cuda,10.081135,10.797888 ,10.797887,,1,1,8,8,,6
cuda,9.964339,10.675382 ,10.675380,,1,1,8,8,,7
cuda,10.222789,10.867390 ,10.867388,,1,1,8,8,,8
cuda,10.288493,10.880267 ,10.880265,,1,1,8,8,,9
cuda,10.277635,10.930014 ,10.930012,,1,1,8,8,,10
cuda,10.234790,10.909521 ,10.909519,,1,1,8,8,,11
cuda,10.233284,10.801891 ,10.801890,,1,1,8,8,,12
cuda,10.020638,10.596761 ,10.596759,,1,1,8,8,,13
cuda,10.312511,10.930551 ,10.930549,,1,1,8,8,,14
cuda,10.298965,11.039864 ,11.039862,,1,1,8,8,,15
cuda,3.928007,4.680142 ,4.680140,,1,1,16,16,,1
cuda,3.687515,4.456639 ,4.456638,,1,1,16,16,,2
cuda,3.900211,4.519338 ,4.519336,,1,1,16,16,,3
cuda,3.905965,4.559683 ,4.559681,,1,1,16,16,,4
cuda,3.880852,4.748535 ,4.748533,,1,1,16,16,,5
cuda,3.897542,4.503119 ,4.503118,,1,1,16,16,,6
cuda,3.917491,4.702012 ,4.702011,,1,1,16,16,,7
cuda,3.677654,4.345177 ,4.345174,,1,1,16,16,,8
cuda,3.652401,4.319821 ,4.319820,,1,1,16,16,,9
cuda,3.875718,4.438675 ,4.438674,,1,1,16,16,,10
cuda,3.813029,4.372298 ,4.372297,,1,1,16,16,,11
cuda,3.891061,4.710933 ,4.710932,,1,1,16,16,,12
cuda,3.958045,4.557754 ,4.557753,,1,1,16,16,,13
cuda,3.945386,4.573367 ,4.573366,,1,1,16,16,,14
cuda,3.708499,4.493014 ,4.493014,,1,1,16,16,,15
cuda,2.388618,2.951179 ,2.951177,,1,1,32,32,,1
cuda,2.423032,3.013177 ,3.013174,,1,1,32,32,,2
cuda,2.640748,3.411240 ,3.411238,,1,1,32,32,,3
cuda,2.656772,3.349106 ,3.349105,,1,1,32,32,,4
cuda,2.667029,3.472099 ,3.472096,,1,1,32,32,,5
cuda,2.623150,3.271862 ,3.271859,,1,1,32,32,,6
cuda,2.358289,2.896838 ,2.896836,,1,1,32,32,,7
cuda,2.375222,2.967598 ,2.967596,,1,1,32,32,,8
cuda,2.375358,2.923880 ,2.923878,,1,1,32,32,,9
cuda,2.375140,2.918264 ,2.918262,,1,1,32,32,,10
cuda,2.362251,2.932641 ,2.932639,,1,1,32,32,,11
cuda,2.364564,2.897530 ,2.897527,,1,1,32,32,,12
cuda,2.416696,3.085008 ,3.085006,,1,1,32,32,,13
cuda,2.656603,3.307298 ,3.307295,,1,1,32,32,,14
cuda,2.366114,2.997552 ,2.997549,,1,1,32,32,,15
cuda,131.829315,132.613853 ,132.613851,,2,2,1,1,,1
cuda,131.794536,132.395752 ,132.395750,,2,2,1,1,,2
cuda,131.589359,132.316840 ,132.316838,,2,2,1,1,,3
cuda,131.621949,132.255103 ,132.255101,,2,2,1,1,,4
cuda,131.539969,132.143107 ,132.143104,,2,2,1,1,,5
cuda,131.498246,132.064751 ,132.064750,,2,2,1,1,,6
cuda,131.508999,132.164022 ,132.164021,,2,2,1,1,,7
cuda,131.749537,132.382727 ,132.382725,,2,2,1,1,,8
cuda,131.810272,132.505088 ,132.505086,,2,2,1,1,,9
cuda,131.590758,132.263562 ,132.263560,,2,2,1,1,,10
cuda,130.882245,131.480468 ,131.480466,,2,2,1,1,,11
cuda,131.554872,132.809248 ,132.809246,,2,2,1,1,,12
cuda,131.284201,131.855166 ,131.855163,,2,2,1,1,,13
cuda,131.234351,132.030416 ,132.030413,,2,2,1,1,,14
cuda,131.507420,132.250552 ,132.250551,,2,2,1,1,,15
cuda,34.459989,35.176760 ,35.176760,,2,2,2,2,,1
cuda,35.022169,35.805679 ,35.805677,,2,2,2,2,,2
cuda,34.856107,35.496254 ,35.496253,,2,2,2,2,,3
cuda,34.704151,35.357324 ,35.357322,,2,2,2,2,,4
cuda,34.859882,35.486905 ,35.486903,,2,2,2,2,,5
cuda,34.904318,35.642140 ,35.642139,,2,2,2,2,,6
cuda,35.077533,35.611730 ,35.611727,,2,2,2,2,,7
cuda,34.868916,35.638740 ,35.638738,,2,2,2,2,,8
cuda,34.822308,35.570666 ,35.570666,,2,2,2,2,,9
cuda,34.661882,35.423808 ,35.423806,,2,2,2,2,,10
cuda,34.427388,34.974692 ,34.974689,,2,2,2,2,,11
cuda,34.721724,35.368932 ,35.368930,,2,2,2,2,,12
cuda,34.820206,35.465779 ,35.465777,,2,2,2,2,,13
cuda,34.908724,35.558916 ,35.558914,,2,2,2,2,,14
cuda,35.118774,35.681118 ,35.681115,,2,2,2,2,,15
cuda,9.910055,10.550710 ,10.550709,,2,2,4,4,,1
cuda,10.312918,10.974751 ,10.974749,,2,2,4,4,,2
cuda,10.262716,10.898052 ,10.898049,,2,2,4,4,,3
cuda,10.407441,10.966731 ,10.966730,,2,2,4,4,,4
cuda,10.242909,10.943603 ,10.943601,,2,2,4,4,,5
cuda,10.274723,11.033660 ,11.033659,,2,2,4,4,,6
cuda,10.670529,11.266952 ,11.266950,,2,2,4,4,,7
cuda,10.267247,10.954730 ,10.954729,,2,2,4,4,,8
cuda,10.250655,10.783488 ,10.783486,,2,2,4,4,,9
cuda,10.273227,10.938122 ,10.938121,,2,2,4,4,,10
cuda,10.227086,11.017337 ,11.017336,,2,2,4,4,,11
cuda,10.277530,11.050627 ,11.050624,,2,2,4,4,,12
cuda,10.197113,10.826148 ,10.826146,,2,2,4,4,,13
cuda,10.238212,10.799503 ,10.799501,,2,2,4,4,,14
cuda,10.252931,10.898452 ,10.898450,,2,2,4,4,,15
cuda,4.097405,4.711602 ,4.711601,,2,2,8,8,,1
cuda,3.999616,4.714080 ,4.714079,,2,2,8,8,,2
cuda,4.103117,4.686865 ,4.686863,,2,2,8,8,,3
cuda,3.778188,4.578866 ,4.578863,,2,2,8,8,,4
cuda,4.069015,4.710388 ,4.710386,,2,2,8,8,,5
cuda,4.011903,4.649298 ,4.649296,,2,2,8,8,,6
cuda,4.080006,4.960206 ,4.960204,,2,2,8,8,,7
cuda,4.046742,4.949879 ,4.949877,,2,2,8,8,,8
cuda,4.025705,4.916688 ,4.916686,,2,2,8,8,,9
cuda,4.030787,4.682722 ,4.682719,,2,2,8,8,,10
cuda,3.818180,4.490870 ,4.490868,,2,2,8,8,,11
cuda,3.896031,4.535884 ,4.535881,,2,2,8,8,,12
cuda,4.031543,4.706083 ,4.706081,,2,2,8,8,,13
cuda,3.808116,4.481806 ,4.481803,,2,2,8,8,,14
cuda,3.835637,4.461357 ,4.461356,,2,2,8,8,,15
cuda,2.413991,3.100194 ,3.100192,,2,2,16,16,,1
cuda,2.448313,3.302437 ,3.302436,,2,2,16,16,,2
cuda,2.458695,3.096270 ,3.096267,,2,2,16,16,,3
cuda,2.449695,3.320033 ,3.320033,,2,2,16,16,,4
cuda,2.454284,3.146306 ,3.146305,,2,2,16,16,,5
cuda,2.145328,2.870111 ,2.870108,,2,2,16,16,,6
cuda,2.138514,2.692987 ,2.692985,,2,2,16,16,,7
cuda,2.478519,3.131041 ,3.131039,,2,2,16,16,,8
cuda,2.411317,3.081153 ,3.081152,,2,2,16,16,,9
cuda,2.179419,2.933314 ,2.933312,,2,2,16,16,,10
cuda,2.203871,2.808713 ,2.808710,,2,2,16,16,,11
cuda,2.154538,2.787570 ,2.787569,,2,2,16,16,,12
cuda,2.443162,3.080470 ,3.080469,,2,2,16,16,,13
cuda,2.105499,2.653343 ,2.653341,,2,2,16,16,,14
cuda,2.522611,3.074638 ,3.074636,,2,2,16,16,,15
cuda,2.116383,2.697088 ,2.697087,,2,2,32,32,,1
cuda,2.134239,2.724876 ,2.724874,,2,2,32,32,,2
cuda,1.951232,2.678264 ,2.678261,,2,2,32,32,,3
cuda,2.120136,2.862447 ,2.862445,,2,2,32,32,,4
cuda,2.121237,2.706123 ,2.706121,,2,2,32,32,,5
cuda,1.875519,2.472385 ,2.472383,,2,2,32,32,,6
cuda,1.959289,2.552907 ,2.552905,,2,2,32,32,,7
cuda,2.134330,2.709336 ,2.709334,,2,2,32,32,,8
cuda,1.932888,2.500608 ,2.500607,,2,2,32,32,,9
cuda,2.181444,2.736305 ,2.736303,,2,2,32,32,,10
cuda,1.758610,2.449446 ,2.449444,,2,2,32,32,,11
cuda,1.788961,3.033037 ,3.033035,,2,2,32,32,,12
cuda,2.208199,2.828037 ,2.828036,,2,2,32,32,,13
cuda,1.820407,2.382516 ,2.382515,,2,2,32,32,,14
cuda,1.764246,2.364271 ,2.364268,,2,2,32,32,,15
cuda,34.314355,34.995720 ,34.995718,,4,4,1,1,,1
cuda,34.474239,35.082673 ,35.082671,,4,4,1,1,,2
cuda,34.603860,35.211844 ,35.211842,,4,4,1,1,,3
cuda,34.421521,35.104775 ,35.104773,,4,4,1,1,,4
cuda,34.744165,35.352564 ,35.352561,,4,4,1,1,,5
cuda,36.331089,161.795431 ,161.795429,,4,4,1,1,,6
cuda,35.802727,99.060793 ,99.060791,,4,4,1,1,,7
cuda,34.815629,35.440523 ,35.440522,,4,4,1,1,,8
cuda,34.696995,35.400083 ,35.400082,,4,4,1,1,,9
cuda,34.773012,35.519946 ,35.519944,,4,4,1,1,,10
cuda,34.416526,35.011399 ,35.011398,,4,4,1,1,,11
cuda,34.245098,34.923858 ,34.923856,,4,4,1,1,,12
cuda,34.399861,35.038723 ,35.038722,,4,4,1,1,,13
cuda,34.684684,35.300902 ,35.300901,,4,4,1,1,,14
cuda,34.294949,35.048427 ,35.048426,,4,4,1,1,,15
cuda,10.314877,11.074477 ,11.074476,,4,4,2,2,,1
cuda,9.948907,10.603814 ,10.603813,,4,4,2,2,,2
cuda,10.220551,10.870746 ,10.870732,,4,4,2,2,,3
cuda,10.032448,10.832652 ,10.832650,,4,4,2,2,,4
cuda,9.880274,10.674223 ,10.674222,,4,4,2,2,,5
cuda,10.309642,11.075699 ,11.075697,,4,4,2,2,,6
cuda,9.923734,10.487813 ,10.487811,,4,4,2,2,,7
cuda,9.977525,10.780347 ,10.780346,,4,4,2,2,,8
cuda,10.007872,10.676734 ,10.676732,,4,4,2,2,,9
cuda,10.302525,10.887513 ,10.887512,,4,4,2,2,,10
cuda,10.356098,11.111085 ,11.111084,,4,4,2,2,,11
cuda,10.232016,11.001814 ,11.001811,,4,4,2,2,,12
cuda,10.036398,10.583656 ,10.583653,,4,4,2,2,,13
cuda,10.223195,11.007255 ,11.007252,,4,4,2,2,,14
cuda,10.221140,11.062330 ,11.062328,,4,4,2,2,,15
cuda,3.989992,4.659337 ,4.659335,,4,4,4,4,,1
cuda,4.030529,4.771073 ,4.771071,,4,4,4,4,,2
cuda,3.821648,4.471024 ,4.471022,,4,4,4,4,,3
cuda,4.030503,4.611325 ,4.611324,,4,4,4,4,,4
cuda,4.075045,4.609976 ,4.609957,,4,4,4,4,,5
cuda,3.791878,4.431874 ,4.431872,,4,4,4,4,,6
cuda,3.865994,4.461806 ,4.461804,,4,4,4,4,,7
cuda,4.152790,4.953743 ,4.953741,,4,4,4,4,,8
cuda,4.023329,4.588497 ,4.588495,,4,4,4,4,,9
cuda,4.074201,4.680927 ,4.680925,,4,4,4,4,,10
cuda,3.907564,4.520261 ,4.520259,,4,4,4,4,,11
cuda,4.079955,4.843795 ,4.843793,,4,4,4,4,,12
cuda,4.029004,4.933378 ,4.933376,,4,4,4,4,,13
cuda,4.031533,4.559828 ,4.559826,,4,4,4,4,,14
cuda,4.079433,4.822812 ,4.822812,,4,4,4,4,,15
cuda,2.465986,3.324780 ,3.324778,,4,4,8,8,,1
cuda,2.503694,3.129557 ,3.129555,,4,4,8,8,,2
cuda,2.464737,3.204485 ,3.204484,,4,4,8,8,,3
cuda,2.462909,3.221702 ,3.221700,,4,4,8,8,,4
cuda,2.476048,3.192488 ,3.192485,,4,4,8,8,,5
cuda,2.430465,3.059900 ,3.059898,,4,4,8,8,,6
cuda,2.264690,2.917950 ,2.917949,,4,4,8,8,,7
cuda,2.194128,2.825850 ,2.825849,,4,4,8,8,,8
cuda,2.192525,2.842100 ,2.842099,,4,4,8,8,,9
cuda,2.180194,2.918206 ,2.918205,,4,4,8,8,,10
cuda,2.297096,2.901284 ,2.901282,,4,4,8,8,,11
cuda,2.452313,2.986078 ,2.986076,,4,4,8,8,,12
cuda,2.152261,2.804377 ,2.804375,,4,4,8,8,,13
cuda,2.420820,3.011513 ,3.011512,,4,4,8,8,,14
cuda,2.235085,2.864737 ,2.864735,,4,4,8,8,,15
cuda,1.749035,2.390329 ,2.390327,,4,4,16,16,,1
cuda,1.769058,2.449408 ,2.449406,,4,4,16,16,,2
cuda,1.784044,2.980458 ,2.980456,,4,4,16,16,,3
cuda,1.714218,2.344691 ,2.344688,,4,4,16,16,,4
cuda,1.692240,2.362228 ,2.362226,,4,4,16,16,,5
cuda,2.040049,2.619271 ,2.619270,,4,4,16,16,,6
cuda,1.726362,2.257230 ,2.257229,,4,4,16,16,,7
cuda,1.734291,2.380990 ,2.380988,,4,4,16,16,,8
cuda,2.048801,2.686998 ,2.686996,,4,4,16,16,,9
cuda,2.093627,2.779168 ,2.779167,,4,4,16,16,,10
cuda,1.705866,2.374704 ,2.374702,,4,4,16,16,,11
cuda,1.671903,2.469919 ,2.469916,,4,4,16,16,,12
cuda,1.717109,2.250578 ,2.250576,,4,4,16,16,,13
cuda,2.068986,2.719954 ,2.719953,,4,4,16,16,,14
cuda,2.044807,2.786199 ,2.786197,,4,4,16,16,,15
cuda,1.675318,2.338870 ,2.338868,,4,4,32,32,,1
cuda,1.640692,2.238692 ,2.238690,,4,4,32,32,,2
cuda,2.412305,3.160772 ,3.160770,,4,4,32,32,,3
cuda,1.608239,2.223764 ,2.223762,,4,4,32,32,,4
cuda,2.003197,2.607387 ,2.607385,,4,4,32,32,,5
cuda,1.671885,2.217598 ,2.217596,,4,4,32,32,,6
cuda,2.007633,2.592876 ,2.592875,,4,4,32,32,,7
cuda,1.629861,2.282233 ,2.282231,,4,4,32,32,,8
cuda,1.999487,2.619337 ,2.619336,,4,4,32,32,,9
cuda,1.714514,2.296221 ,2.296219,,4,4,32,32,,10
cuda,1.622623,2.377937 ,2.377935,,4,4,32,32,,11
cuda,1.659298,2.202902 ,2.202901,,4,4,32,32,,12
cuda,2.025208,2.610225 ,2.610223,,4,4,32,32,,13
cuda,2.016846,2.719507 ,2.719506,,4,4,32,32,,14
cuda,2.007640,2.827103 ,2.827101,,4,4,32,32,,15
cuda,9.819475,10.587579 ,10.587577,,8,8,1,1,,1
cuda,10.109755,10.734920 ,10.734918,,8,8,1,1,,2
cuda,9.890665,11.123490 ,11.123488,,8,8,1,1,,3
cuda,10.127805,10.751880 ,10.751878,,8,8,1,1,,4
cuda,9.911434,10.464789 ,10.464787,,8,8,1,1,,5
cuda,10.146081,10.929320 ,10.929319,,8,8,1,1,,6
cuda,10.120921,10.767197 ,10.767195,,8,8,1,1,,7
cuda,9.829897,10.402355 ,10.402354,,8,8,1,1,,8
cuda,9.827296,10.415988 ,10.415986,,8,8,1,1,,9
cuda,9.803947,10.372977 ,10.372976,,8,8,1,1,,10
cuda,9.848525,10.496769 ,10.496768,,8,8,1,1,,11
cuda,9.911083,10.446138 ,10.446136,,8,8,1,1,,12
cuda,10.107105,10.808513 ,10.808511,,8,8,1,1,,13
cuda,9.804082,10.481972 ,10.481969,,8,8,1,1,,14
cuda,9.914774,10.461860 ,10.461859,,8,8,1,1,,15
cuda,4.007501,4.610283 ,4.610281,,8,8,2,2,,1
cuda,3.944270,4.584577 ,4.584576,,8,8,2,2,,2
cuda,3.730118,4.329600 ,4.329599,,8,8,2,2,,3
cuda,3.999064,4.626729 ,4.626727,,8,8,2,2,,4
cuda,3.825271,4.379429 ,4.379428,,8,8,2,2,,5
cuda,3.792339,4.411861 ,4.411860,,8,8,2,2,,6
cuda,3.762266,4.355704 ,4.355702,,8,8,2,2,,7
cuda,3.776665,4.491925 ,4.491923,,8,8,2,2,,8
cuda,3.738136,4.322367 ,4.322365,,8,8,2,2,,9
cuda,3.798797,4.340461 ,4.340459,,8,8,2,2,,10
cuda,4.039650,4.775080 ,4.775079,,8,8,2,2,,11
cuda,4.023810,4.624190 ,4.624188,,8,8,2,2,,12
cuda,3.981152,4.538354 ,4.538353,,8,8,2,2,,13
cuda,3.788892,4.375840 ,4.375838,,8,8,2,2,,14
cuda,3.804145,4.389813 ,4.389811,,8,8,2,2,,15
cuda,2.188533,2.884598 ,2.884597,,8,8,4,4,,1
cuda,2.236497,2.893821 ,2.893820,,8,8,4,4,,2
cuda,2.235494,2.965294 ,2.965294,,8,8,4,4,,3
cuda,2.244966,2.896941 ,2.896938,,8,8,4,4,,4
cuda,2.209304,2.860313 ,2.860311,,8,8,4,4,,5
cuda,2.236284,2.871703 ,2.871701,,8,8,4,4,,6
cuda,2.200498,2.791277 ,2.791276,,8,8,4,4,,7
cuda,2.492664,3.355913 ,3.355912,,8,8,4,4,,8
cuda,2.488561,3.047606 ,3.047604,,8,8,4,4,,9
cuda,2.484120,3.003302 ,3.003300,,8,8,4,4,,10
cuda,2.208431,2.869196 ,2.869195,,8,8,4,4,,11
cuda,2.451308,3.158804 ,3.158802,,8,8,4,4,,12
cuda,2.504725,3.259689 ,3.259687,,8,8,4,4,,13
cuda,2.177947,2.729419 ,2.729416,,8,8,4,4,,14
cuda,2.483364,3.275101 ,3.275100,,8,8,4,4,,15
cuda,2.075326,2.885036 ,2.885034,,8,8,8,8,,1
cuda,1.780305,2.465334 ,2.465332,,8,8,8,8,,2
cuda,2.078874,2.733276 ,2.733274,,8,8,8,8,,3
cuda,1.732901,2.399406 ,2.399405,,8,8,8,8,,4
cuda,1.741371,2.537010 ,2.537008,,8,8,8,8,,5
cuda,1.730023,2.316062 ,2.316061,,8,8,8,8,,6
cuda,1.701535,2.285212 ,2.285211,,8,8,8,8,,7
cuda,2.102209,2.757206 ,2.757203,,8,8,8,8,,8
cuda,2.100202,2.669184 ,2.669182,,8,8,8,8,,9
cuda,2.066978,2.647640 ,2.647639,,8,8,8,8,,10
cuda,1.793791,2.399839 ,2.399838,,8,8,8,8,,11
cuda,1.710978,2.241055 ,2.241053,,8,8,8,8,,12
cuda,2.043079,2.617011 ,2.617009,,8,8,8,8,,13
cuda,1.768977,2.322690 ,2.322688,,8,8,8,8,,14
cuda,1.735964,2.426095 ,2.426093,,8,8,8,8,,15
cuda,1.663929,2.431647 ,2.431645,,8,8,16,16,,1
cuda,1.651253,2.429168 ,2.429166,,8,8,16,16,,2
cuda,1.635844,2.005989 ,2.005986,,8,8,16,16,,3
cuda,1.809930,2.376867 ,2.376866,,8,8,16,16,,4
cuda,1.743477,2.961539 ,2.961536,,8,8,16,16,,5
cuda,1.980713,2.661338 ,2.661337,,8,8,16,16,,6
cuda,1.967278,2.550035 ,2.550033,,8,8,16,16,,7
cuda,1.742460,2.365519 ,2.365518,,8,8,16,16,,8
cuda,1.693198,2.422318 ,2.422317,,8,8,16,16,,9
cuda,1.631992,2.176775 ,2.176772,,8,8,16,16,,10
cuda,2.000033,3.237564 ,3.237562,,8,8,16,16,,11
cuda,2.044066,2.623439 ,2.623437,,8,8,16,16,,12
cuda,1.995683,2.588969 ,2.588968,,8,8,16,16,,13
cuda,1.635692,2.410650 ,2.410648,,8,8,16,16,,14
cuda,1.608337,2.265457 ,2.265454,,8,8,16,16,,15
cuda,1.966135,2.521087 ,2.521085,,8,8,32,32,,1
cuda,1.712933,2.272658 ,2.272655,,8,8,32,32,,2
cuda,1.954986,2.543662 ,2.543660,,8,8,32,32,,3
cuda,1.688092,2.281665 ,2.281664,,8,8,32,32,,4
cuda,1.981286,2.554571 ,2.554570,,8,8,32,32,,5
cuda,1.650649,2.428554 ,2.428551,,8,8,32,32,,6
cuda,1.670472,2.246945 ,2.246943,,8,8,32,32,,7
cuda,1.604541,2.133465 ,2.133463,,8,8,32,32,,8
cuda,2.031541,2.671303 ,2.671302,,8,8,32,32,,9
cuda,1.968874,2.505193 ,2.505192,,8,8,32,32,,10
cuda,1.725789,2.303533 ,2.303532,,8,8,32,32,,11
cuda,2.009732,2.583430 ,2.583428,,8,8,32,32,,12
cuda,1.650734,2.277480 ,2.277478,,8,8,32,32,,13
cuda,1.969777,2.577348 ,2.577346,,8,8,32,32,,14
cuda,1.652200,2.265516 ,2.265514,,8,8,32,32,,15
cuda,5.855665,6.485032 ,6.485030,,16,16,1,1,,1
cuda,5.671225,6.967699 ,6.967697,,16,16,1,1,,2
cuda,5.609108,6.300687 ,6.300684,,16,16,1,1,,3
cuda,5.878072,6.662176 ,6.662175,,16,16,1,1,,4
cuda,5.946040,6.561856 ,6.561854,,16,16,1,1,,5
cuda,5.877694,6.583793 ,6.583791,,16,16,1,1,,6
cuda,5.593936,6.151499 ,6.151496,,16,16,1,1,,7
cuda,5.714900,6.269853 ,6.269852,,16,16,1,1,,8
cuda,5.631058,6.176859 ,6.176858,,16,16,1,1,,9
cuda,5.975649,6.801627 ,6.801624,,16,16,1,1,,10
cuda,5.876686,6.424620 ,6.424619,,16,16,1,1,,11
cuda,6.039294,6.903105 ,6.903103,,16,16,1,1,,12
cuda,5.872998,6.560996 ,6.560995,,16,16,1,1,,13
cuda,5.899841,6.448070 ,6.448067,,16,16,1,1,,14
cuda,5.899931,6.483222 ,6.483220,,16,16,1,1,,15
cuda,2.621829,3.297170 ,3.297167,,16,16,2,2,,1
cuda,2.931873,3.814497 ,3.814495,,16,16,2,2,,2
cuda,2.985368,3.534283 ,3.534281,,16,16,2,2,,3
cuda,2.954598,3.484552 ,3.484551,,16,16,2,2,,4
cuda,2.936273,3.561963 ,3.561961,,16,16,2,2,,5
cuda,2.645543,3.411856 ,3.411854,,16,16,2,2,,6
cuda,2.670683,3.320938 ,3.320936,,16,16,2,2,,7
cuda,2.647493,3.282815 ,3.282814,,16,16,2,2,,8
cuda,2.929630,3.591220 ,3.591218,,16,16,2,2,,9
cuda,2.677497,3.320245 ,3.320242,,16,16,2,2,,10
cuda,2.649773,3.382526 ,3.382524,,16,16,2,2,,11
cuda,2.902501,3.635423 ,3.635421,,16,16,2,2,,12
cuda,2.932646,3.536592 ,3.536590,,16,16,2,2,,13
cuda,3.017058,3.671881 ,3.671880,,16,16,2,2,,14
cuda,2.716307,3.291057 ,3.291055,,16,16,2,2,,15
cuda,2.188127,2.765099 ,2.765097,,16,16,4,4,,1
cuda,2.200417,2.861456 ,2.861455,,16,16,4,4,,2
cuda,2.211800,2.816603 ,2.816600,,16,16,4,4,,3
cuda,2.054497,2.924151 ,2.924149,,16,16,4,4,,4
cuda,2.238953,2.839458 ,2.839456,,16,16,4,4,,5
cuda,1.849910,2.457444 ,2.457444,,16,16,4,4,,6
cuda,1.890986,2.570780 ,2.570778,,16,16,4,4,,7
cuda,2.222647,2.860314 ,2.860313,,16,16,4,4,,8
cuda,2.224948,2.804591 ,2.804589,,16,16,4,4,,9
cuda,2.038623,2.851770 ,2.851768,,16,16,4,4,,10
cuda,1.920017,2.524951 ,2.524949,,16,16,4,4,,11
cuda,2.194842,2.740098 ,2.740097,,16,16,4,4,,12
cuda,1.935306,2.467621 ,2.467620,,16,16,4,4,,13
cuda,2.002405,2.646573 ,2.646571,,16,16,4,4,,14
cuda,2.257834,3.019518 ,3.019516,,16,16,4,4,,15
cuda,2.032429,2.611680 ,2.611679,,16,16,8,8,,1
cuda,1.839464,2.398461 ,2.398458,,16,16,8,8,,2
cuda,1.725094,2.288850 ,2.288848,,16,16,8,8,,3
cuda,2.005150,2.642842 ,2.642840,,16,16,8,8,,4
cuda,2.016453,2.671124 ,2.671123,,16,16,8,8,,5
cuda,2.061417,2.610360 ,2.610359,,16,16,8,8,,6
cuda,2.055690,2.697646 ,2.697644,,16,16,8,8,,7
cuda,1.998767,2.595840 ,2.595839,,16,16,8,8,,8
cuda,2.066369,2.750470 ,2.750468,,16,16,8,8,,9
cuda,2.015065,2.561674 ,2.561672,,16,16,8,8,,10
cuda,1.641414,2.347090 ,2.347088,,16,16,8,8,,11
cuda,1.649344,2.401437 ,2.401435,,16,16,8,8,,12
cuda,1.762147,2.321972 ,2.321970,,16,16,8,8,,13
cuda,1.660400,2.458715 ,2.458714,,16,16,8,8,,14
cuda,1.732536,3.088529 ,3.088527,,16,16,8,8,,15
cuda,2.024102,2.888028 ,2.888026,,16,16,16,16,,1
cuda,2.079154,2.630299 ,2.630297,,16,16,16,16,,2
cuda,1.996707,2.562592 ,2.562590,,16,16,16,16,,3
cuda,1.647464,2.208168 ,2.208166,,16,16,16,16,,4
cuda,2.017797,2.674728 ,2.674727,,16,16,16,16,,5
cuda,1.961162,2.548671 ,2.548668,,16,16,16,16,,6
cuda,2.059428,2.862177 ,2.862175,,16,16,16,16,,7
cuda,2.028100,2.598334 ,2.598332,,16,16,16,16,,8
cuda,2.072037,3.277811 ,3.277809,,16,16,16,16,,9
cuda,2.013513,2.735882 ,2.735880,,16,16,16,16,,10
cuda,1.631729,2.208023 ,2.208021,,16,16,16,16,,11
cuda,2.056800,2.709739 ,2.709737,,16,16,16,16,,12
cuda,2.045501,2.669831 ,2.669829,,16,16,16,16,,13
cuda,2.015135,2.621433 ,2.621432,,16,16,16,16,,14
cuda,1.682599,2.251694 ,2.251692,,16,16,16,16,,15
cuda,1.628056,2.406405 ,2.406404,,16,16,32,32,,1
cuda,1.618024,2.282940 ,2.282937,,16,16,32,32,,2
cuda,2.037645,2.596677 ,2.596677,,16,16,32,32,,3
cuda,1.743564,2.421845 ,2.421842,,16,16,32,32,,4
cuda,1.706583,2.287260 ,2.287258,,16,16,32,32,,5
cuda,1.667888,2.652333 ,2.652330,,16,16,32,32,,6
cuda,2.102072,2.663881 ,2.663879,,16,16,32,32,,7
cuda,1.744463,2.393494 ,2.393492,,16,16,32,32,,8
cuda,1.742564,2.965895 ,2.965895,,16,16,32,32,,9
cuda,1.729511,2.187296 ,2.187294,,16,16,32,32,,10
cuda,2.107689,2.762396 ,2.762395,,16,16,32,32,,11
cuda,2.158046,2.854693 ,2.854691,,16,16,32,32,,12
cuda,2.016999,2.668560 ,2.668558,,16,16,32,32,,13
cuda,2.033101,2.588174 ,2.588171,,16,16,32,32,,14
cuda,1.810212,2.438387 ,2.438387,,16,16,32,32,,15
cuda,4.117105,4.747621 ,4.747620,,32,32,1,1,,1
cuda,4.308562,4.925256 ,4.925254,,32,32,1,1,,2
cuda,4.107838,4.742305 ,4.742304,,32,32,1,1,,3
cuda,4.393308,5.067490 ,5.067488,,32,32,1,1,,4
cuda,4.418482,5.744738 ,5.744735,,32,32,1,1,,5
cuda,4.363104,5.027803 ,5.027801,,32,32,1,1,,6
cuda,4.320412,4.862031 ,4.862028,,32,32,1,1,,7
cuda,4.426413,4.999466 ,4.999464,,32,32,1,1,,8
cuda,4.351483,5.111937 ,5.111935,,32,32,1,1,,9
cuda,4.136109,4.704622 ,4.704621,,32,32,1,1,,10
cuda,4.423984,4.993884 ,4.993881,,32,32,1,1,,11
cuda,4.326051,5.575685 ,5.575683,,32,32,1,1,,12
cuda,4.114761,4.690912 ,4.690912,,32,32,1,1,,13
cuda,4.400769,4.936778 ,4.936777,,32,32,1,1,,14
cuda,4.364633,5.200392 ,5.200390,,32,32,1,1,,15
cuda,2.386095,2.953670 ,2.953669,,32,32,2,2,,1
cuda,2.569077,3.310013 ,3.310011,,32,32,2,2,,2
cuda,2.295700,2.815673 ,2.815671,,32,32,2,2,,3
cuda,2.287866,3.013857 ,3.013855,,32,32,2,2,,4
cuda,2.284375,2.859295 ,2.859293,,32,32,2,2,,5
cuda,2.287006,2.835700 ,2.835697,,32,32,2,2,,6
cuda,2.279654,2.842628 ,2.842626,,32,32,2,2,,7
cuda,2.315925,3.006829 ,3.006827,,32,32,2,2,,8
cuda,2.268354,2.896473 ,2.896471,,32,32,2,2,,9
cuda,2.322845,2.952188 ,2.952186,,32,32,2,2,,10
cuda,2.584044,3.187567 ,3.187566,,32,32,2,2,,11
cuda,2.532393,3.066843 ,3.066842,,32,32,2,2,,12
cuda,2.374010,2.935014 ,2.935012,,32,32,2,2,,13
cuda,2.376395,2.989620 ,2.989619,,32,32,2,2,,14
cuda,2.563578,3.216908 ,3.216906,,32,32,2,2,,15
cuda,1.821451,2.446579 ,2.446578,,32,32,4,4,,1
cuda,1.829748,2.482093 ,2.482090,,32,32,4,4,,2
cuda,2.096516,2.759086 ,2.759084,,32,32,4,4,,3
cuda,1.772429,2.315328 ,2.315327,,32,32,4,4,,4
cuda,1.802147,2.468742 ,2.468740,,32,32,4,4,,5
cuda,1.809364,2.361402 ,2.361400,,32,32,4,4,,6
cuda,1.856077,2.515960 ,2.515959,,32,32,4,4,,7
cuda,2.112979,2.795718 ,2.795715,,32,32,4,4,,8
cuda,1.756974,2.410734 ,2.410731,,32,32,4,4,,9
cuda,1.725160,2.292420 ,2.292419,,32,32,4,4,,10
cuda,2.092475,2.634394 ,2.634392,,32,32,4,4,,11
cuda,1.836943,2.389173 ,2.389171,,32,32,4,4,,12
cuda,1.808229,2.466421 ,2.466420,,32,32,4,4,,13
cuda,1.831417,2.487180 ,2.487178,,32,32,4,4,,14
cuda,2.092454,2.961289 ,2.961287,,32,32,4,4,,15
cuda,2.014144,2.711444 ,2.711442,,32,32,8,8,,1
cuda,1.614460,2.148861 ,2.148858,,32,32,8,8,,2
cuda,2.019463,2.837866 ,2.837864,,32,32,8,8,,3
cuda,1.996803,2.550271 ,2.550269,,32,32,8,8,,4
cuda,1.969851,2.677885 ,2.677884,,32,32,8,8,,5
cuda,1.967299,2.697861 ,2.697859,,32,32,8,8,,6
cuda,1.998624,2.678964 ,2.678961,,32,32,8,8,,7
cuda,1.719817,2.408534 ,2.408533,,32,32,8,8,,8
cuda,1.676860,2.523820 ,2.523818,,32,32,8,8,,9
cuda,2.009931,2.791902 ,2.791901,,32,32,8,8,,10
cuda,1.635414,2.360867 ,2.360865,,32,32,8,8,,11
cuda,1.624856,2.299457 ,2.299455,,32,32,8,8,,12
cuda,1.617008,2.246499 ,2.246496,,32,32,8,8,,13
cuda,1.995236,2.555418 ,2.555416,,32,32,8,8,,14
cuda,2.003781,2.682104 ,2.682102,,32,32,8,8,,15
cuda,1.767394,2.428431 ,2.428430,,32,32,16,16,,1
cuda,1.644565,2.479803 ,2.479801,,32,32,16,16,,2
cuda,1.782914,2.430681 ,2.430680,,32,32,16,16,,3
cuda,1.997365,2.675195 ,2.675193,,32,32,16,16,,4
cuda,1.629441,2.236049 ,2.236047,,32,32,16,16,,5
cuda,1.970060,2.687333 ,2.687331,,32,32,16,16,,6
cuda,1.659581,2.287903 ,2.287901,,32,32,16,16,,7
cuda,1.628308,2.285015 ,2.285014,,32,32,16,16,,8
cuda,2.000791,2.674382 ,2.674381,,32,32,16,16,,9
cuda,1.663112,2.398411 ,2.398409,,32,32,16,16,,10
cuda,1.684540,2.305582 ,2.305580,,32,32,16,16,,11
cuda,2.025484,2.716145 ,2.716143,,32,32,16,16,,12
cuda,2.048190,2.795260 ,2.795257,,32,32,16,16,,13
cuda,1.650058,2.332019 ,2.332017,,32,32,16,16,,14
cuda,2.045127,2.760317 ,2.760316,,32,32,16,16,,15
cuda,2.147400,2.788697 ,2.788694,,32,32,32,32,,1
cuda,1.777408,2.508392 ,2.508391,,32,32,32,32,,2
cuda,2.137870,2.706196 ,2.706194,,32,32,32,32,,3
cuda,1.788470,3.025534 ,3.025532,,32,32,32,32,,4
cuda,1.874686,2.517721 ,2.517720,,32,32,32,32,,5
cuda,2.100788,2.675535 ,2.675534,,32,32,32,32,,6
cuda,2.014977,2.561974 ,2.561974,,32,32,32,32,,7
cuda,1.806195,2.362702 ,2.362700,,32,32,32,32,,8
cuda,1.887088,2.524068 ,2.524066,,32,32,32,32,,9
cuda,2.121558,2.760204 ,2.760202,,32,32,32,32,,10
cuda,1.879557,2.636061 ,2.636060,,32,32,32,32,,11
cuda,2.066693,2.780033 ,2.780032,,32,32,32,32,,12
cuda,2.148137,2.742472 ,2.742470,,32,32,32,32,,13
cuda,2.138986,2.733938 ,2.733936,,32,32,32,32,,14
cuda,2.123334,2.694205 ,2.694203,,32,32,32,32,,15
cuda,4.096076,4.646249 ,4.646248,,64,64,1,1,,1
cuda,4.421674,5.186133 ,5.186131,,64,64,1,1,,2
cuda,4.147447,4.707962 ,4.707960,,64,64,1,1,,3
cuda,4.087017,4.636965 ,4.636963,,64,64,1,1,,4
cuda,4.149528,4.794476 ,4.794473,,64,64,1,1,,5
cuda,4.060497,4.655162 ,4.655159,,64,64,1,1,,6
cuda,4.419787,5.163790 ,5.163788,,64,64,1,1,,7
cuda,4.130664,4.780953 ,4.780951,,64,64,1,1,,8
cuda,4.403339,5.136526 ,5.136523,,64,64,1,1,,9
cuda,4.090648,4.717515 ,4.717513,,64,64,1,1,,10
cuda,4.465665,5.198634 ,5.198633,,64,64,1,1,,11
cuda,4.119467,4.692121 ,4.692119,,64,64,1,1,,12
cuda,4.415985,5.064710 ,5.064708,,64,64,1,1,,13
cuda,4.079584,4.676245 ,4.676243,,64,64,1,1,,14
cuda,4.451214,5.215216 ,5.215215,,64,64,1,1,,15
cuda,2.302756,2.978407 ,2.978406,,64,64,2,2,,1
cuda,2.407103,3.049937 ,3.049935,,64,64,2,2,,2
cuda,2.592254,3.246756 ,3.246755,,64,64,2,2,,3
cuda,2.286653,2.834684 ,2.834682,,64,64,2,2,,4
cuda,2.561452,3.308352 ,3.308350,,64,64,2,2,,5
cuda,2.587636,3.269057 ,3.269054,,64,64,2,2,,6
cuda,2.606768,3.415187 ,3.415186,,64,64,2,2,,7
cuda,2.596330,3.151419 ,3.151418,,64,64,2,2,,8
cuda,2.573280,3.226869 ,3.226867,,64,64,2,2,,9
cuda,2.600649,3.139669 ,3.139666,,64,64,2,2,,10
cuda,2.316632,3.108898 ,3.108896,,64,64,2,2,,11
cuda,2.406706,2.945935 ,2.945934,,64,64,2,2,,12
cuda,2.604407,3.273215 ,3.273212,,64,64,2,2,,13
cuda,2.314852,2.902008 ,2.902005,,64,64,2,2,,14
cuda,2.341742,2.892511 ,2.892510,,64,64,2,2,,15
cuda,1.833689,2.547290 ,2.547289,,64,64,4,4,,1
cuda,1.916766,2.568225 ,2.568224,,64,64,4,4,,2
cuda,2.152370,2.801945 ,2.801943,,64,64,4,4,,3
cuda,1.899165,2.462255 ,2.462253,,64,64,4,4,,4
cuda,2.263149,2.925909 ,2.925907,,64,64,4,4,,5
cuda,2.417828,3.151120 ,3.151117,,64,64,4,4,,6
cuda,2.146685,2.809607 ,2.809606,,64,64,4,4,,7
cuda,2.133984,2.696318 ,2.696316,,64,64,4,4,,8
cuda,1.820472,2.453803 ,2.453801,,64,64,4,4,,9
cuda,1.886800,2.449847 ,2.449845,,64,64,4,4,,10
cuda,1.970975,2.611789 ,2.611787,,64,64,4,4,,11
cuda,2.134993,2.811495 ,2.811494,,64,64,4,4,,12
cuda,2.163924,2.760522 ,2.760520,,64,64,4,4,,13
cuda,1.906518,2.586511 ,2.586510,,64,64,4,4,,14
cuda,2.195129,2.825214 ,2.825212,,64,64,4,4,,15
cuda,2.059578,2.648859 ,2.648858,,64,64,8,8,,1
cuda,1.747650,2.459490 ,2.459488,,64,64,8,8,,2
cuda,1.654659,2.320872 ,2.320871,,64,64,8,8,,3
cuda,2.051807,2.611485 ,2.611484,,64,64,8,8,,4
cuda,1.831811,2.399130 ,2.399128,,64,64,8,8,,5
cuda,1.798561,3.048146 ,3.048144,,64,64,8,8,,6
cuda,2.036940,2.713187 ,2.713186,,64,64,8,8,,7
cuda,1.706877,2.440713 ,2.440710,,64,64,8,8,,8
cuda,1.810143,2.514724 ,2.514723,,64,64,8,8,,9
cuda,2.062490,3.002521 ,3.002520,,64,64,8,8,,10
cuda,2.114517,2.526447 ,2.526445,,64,64,8,8,,11
cuda,1.652835,2.282221 ,2.282220,,64,64,8,8,,12
cuda,2.054418,2.719982 ,2.719981,,64,64,8,8,,13
cuda,1.716888,2.279101 ,2.279099,,64,64,8,8,,14
cuda,1.700116,2.342647 ,2.342645,,64,64,8,8,,15
cuda,2.127276,2.682892 ,2.682892,,64,64,16,16,,1
cuda,1.906586,2.483553 ,2.483552,,64,64,16,16,,2
cuda,2.133874,2.781435 ,2.781433,,64,64,16,16,,3
cuda,1.756426,2.398989 ,2.398986,,64,64,16,16,,4
cuda,1.703263,2.241788 ,2.241787,,64,64,16,16,,5
cuda,1.785499,2.439906 ,2.439905,,64,64,16,16,,6
cuda,1.703139,2.274953 ,2.274952,,64,64,16,16,,7
cuda,2.140097,2.555174 ,2.555171,,64,64,16,16,,8
cuda,1.703114,2.270099 ,2.270096,,64,64,16,16,,9
cuda,1.698881,2.254356 ,2.254356,,64,64,16,16,,10
cuda,1.854173,2.435608 ,2.435607,,64,64,16,16,,11
cuda,2.105441,2.660931 ,2.660929,,64,64,16,16,,12
cuda,1.777614,2.418003 ,2.418001,,64,64,16,16,,13
cuda,1.713693,2.294701 ,2.294699,,64,64,16,16,,14
cuda,2.128650,2.778438 ,2.778436,,64,64,16,16,,15
cuda,2.274087,2.835399 ,2.835398,,64,64,32,32,,1
cuda,2.507653,3.159421 ,3.159420,,64,64,32,32,,2
cuda,1.995180,2.560008 ,2.560006,,64,64,32,32,,3
cuda,2.159931,2.747439 ,2.747437,,64,64,32,32,,4
cuda,2.356343,3.598746 ,3.598744,,64,64,32,32,,5
cuda,2.075971,2.676744 ,2.676742,,64,64,32,32,,6
cuda,2.372241,2.958647 ,2.958645,,64,64,32,32,,7
cuda,2.323288,2.970651 ,2.970649,,64,64,32,32,,8
cuda,2.004605,2.676271 ,2.676270,,64,64,32,32,,9
cuda,2.352646,2.958538 ,2.958536,,64,64,32,32,,10
cuda,2.356002,2.951780 ,2.951778,,64,64,32,32,,11
cuda,2.316723,2.935390 ,2.935388,,64,64,32,32,,12
cuda,2.309224,3.003802 ,3.003800,,64,64,32,32,,13
cuda,2.048701,2.756840 ,2.756838,,64,64,32,32,,14
cuda,2.345247,2.825654 ,2.825652,,64,64,32,32,,15
cuda,4.579462,5.165504 ,5.165502,,128,128,1,1,,1
cuda,4.293572,4.967325 ,4.967322,,128,128,1,1,,2
cuda,4.502026,5.808014 ,5.808013,,128,128,1,1,,3
cuda,4.159148,5.088238 ,5.088237,,128,128,1,1,,4
cuda,4.298372,5.072342 ,5.072341,,128,128,1,1,,5
cuda,4.496422,5.315703 ,5.315702,,128,128,1,1,,6
cuda,4.610123,5.452360 ,5.452357,,128,128,1,1,,7
cuda,4.606349,5.179246 ,5.179243,,128,128,1,1,,8
cuda,4.188620,4.919385 ,4.919382,,128,128,1,1,,9
cuda,4.253794,5.014740 ,5.014738,,128,128,1,1,,10
cuda,4.276918,4.979112 ,4.979109,,128,128,1,1,,11
cuda,4.331192,5.113006 ,5.113004,,128,128,1,1,,12
cuda,4.646583,5.333433 ,5.333430,,128,128,1,1,,13
cuda,4.495978,5.074122 ,5.074120,,128,128,1,1,,14
cuda,4.261874,4.917659 ,4.917657,,128,128,1,1,,15
cuda,2.818237,3.768589 ,3.768587,,128,128,2,2,,1
cuda,2.727449,3.396162 ,3.396161,,128,128,2,2,,2
cuda,2.704051,3.367819 ,3.367816,,128,128,2,2,,3
cuda,2.706300,3.031364 ,3.031362,,128,128,2,2,,4
cuda,2.860699,3.567734 ,3.567731,,128,128,2,2,,5
cuda,2.669012,3.385094 ,3.385092,,128,128,2,2,,6
cuda,2.704047,3.282149 ,3.282148,,128,128,2,2,,7
cuda,2.711666,3.273543 ,3.273541,,128,128,2,2,,8
cuda,2.561635,3.201741 ,3.201739,,128,128,2,2,,9
cuda,2.805904,3.464379 ,3.464378,,128,128,2,2,,10
cuda,2.679731,3.370070 ,3.370067,,128,128,2,2,,11
cuda,2.725985,3.419466 ,3.419464,,128,128,2,2,,12
cuda,2.994693,3.393542 ,3.393540,,128,128,2,2,,13
cuda,2.799407,3.369815 ,3.369814,,128,128,2,2,,14
cuda,2.714808,3.315767 ,3.315765,,128,128,2,2,,15
cuda,2.273092,2.866560 ,2.866558,,128,128,4,4,,1
cuda,2.310580,2.993062 ,2.993060,,128,128,4,4,,2
cuda,2.302119,3.033672 ,3.033670,,128,128,4,4,,3
cuda,2.420360,2.974495 ,2.974494,,128,128,4,4,,4
cuda,2.307548,3.148220 ,3.148219,,128,128,4,4,,5
cuda,2.173024,2.835403 ,2.835402,,128,128,4,4,,6
cuda,2.045485,2.810742 ,2.810740,,128,128,4,4,,7
cuda,2.010489,2.390685 ,2.390682,,128,128,4,4,,8
cuda,2.369405,3.011829 ,3.011828,,128,128,4,4,,9
cuda,2.090350,2.744240 ,2.744239,,128,128,4,4,,10
cuda,2.331626,3.103931 ,3.103929,,128,128,4,4,,11
cuda,2.088768,2.722987 ,2.722985,,128,128,4,4,,12
cuda,2.245985,2.880386 ,2.880384,,128,128,4,4,,13
cuda,2.275323,2.946514 ,2.946512,,128,128,4,4,,14
cuda,2.434729,3.190844 ,3.190842,,128,128,4,4,,15
cuda,2.128979,2.810569 ,2.810567,,128,128,8,8,,1
cuda,1.908266,2.526780 ,2.526778,,128,128,8,8,,2
cuda,2.225634,3.519922 ,3.519920,,128,128,8,8,,3
cuda,2.246410,2.836466 ,2.836464,,128,128,8,8,,4
cuda,2.180809,2.885990 ,2.885988,,128,128,8,8,,5
cuda,2.157060,2.765875 ,2.765872,,128,128,8,8,,6
cuda,1.981047,2.632504 ,2.632503,,128,128,8,8,,7
cuda,2.129289,2.722533 ,2.722531,,128,128,8,8,,8
cuda,2.191419,2.911206 ,2.911204,,128,128,8,8,,9
cuda,2.027523,2.771350 ,2.771347,,128,128,8,8,,10
cuda,1.994786,2.693040 ,2.693038,,128,128,8,8,,11
cuda,2.121783,2.674898 ,2.674897,,128,128,8,8,,12
cuda,1.792876,2.600347 ,2.600345,,128,128,8,8,,13
cuda,2.293599,2.725282 ,2.725280,,128,128,8,8,,14
cuda,1.968106,2.794525 ,2.794524,,128,128,8,8,,15
cuda,2.394195,3.290037 ,3.290036,,128,128,16,16,,1
cuda,2.271553,2.930222 ,2.930220,,128,128,16,16,,2
cuda,2.376679,3.021601 ,3.021599,,128,128,16,16,,3
cuda,2.304170,2.868345 ,2.868342,,128,128,16,16,,4
cuda,2.378090,2.973777 ,2.973775,,128,128,16,16,,5
cuda,2.271226,2.834165 ,2.834163,,128,128,16,16,,6
cuda,2.307987,3.017250 ,3.017248,,128,128,16,16,,7
cuda,2.348946,2.947594 ,2.947592,,128,128,16,16,,8
cuda,2.327910,2.949579 ,2.949578,,128,128,16,16,,9
cuda,2.073601,2.677695 ,2.677693,,128,128,16,16,,10
cuda,2.414239,3.102138 ,3.102135,,128,128,16,16,,11
cuda,2.426045,3.155594 ,3.155592,,128,128,16,16,,12
cuda,2.065034,2.903331 ,2.903329,,128,128,16,16,,13
cuda,2.002156,2.561751 ,2.561749,,128,128,16,16,,14
cuda,2.295695,2.908440 ,2.908438,,128,128,16,16,,15
cuda,2.715477,3.403261 ,3.403259,,128,128,32,32,,1
cuda,2.657233,3.214880 ,3.214879,,128,128,32,32,,2
cuda,2.539694,3.226186 ,3.226185,,128,128,32,32,,3
cuda,2.743427,4.011327 ,4.011325,,128,128,32,32,,4
cuda,2.656178,3.345911 ,3.345909,,128,128,32,32,,5
cuda,2.547224,3.198475 ,3.198473,,128,128,32,32,,6
cuda,2.393022,2.961817 ,2.961815,,128,128,32,32,,7
cuda,2.448336,3.005852 ,3.005850,,128,128,32,32,,8
cuda,2.822733,3.441637 ,3.441635,,128,128,32,32,,9
cuda,2.427692,3.100870 ,3.100868,,128,128,32,32,,10
cuda,2.174883,2.751183 ,2.751182,,128,128,32,32,,11
cuda,2.223242,2.835360 ,2.835358,,128,128,32,32,,12
cuda,1.845825,2.487617 ,2.487616,,128,128,32,32,,13
cuda,2.207457,2.811701 ,2.811699,,128,128,32,32,,14
cuda,1.855606,2.443362 ,2.443359,,128,128,32,32,,15
seq,25.577976,26.534390,26.534389,,,,,,,1
seq,25.838304,26.447860,26.447859,,,,,,,2
seq,25.907786,26.593117,26.593117,,,,,,,3
seq,25.889108,26.668432,26.668431,,,,,,,4
seq,25.678251,26.446436,26.446436,,,,,,,5
seq,25.577461,26.142307,26.142306,,,,,,,6
seq,25.962405,26.579587,26.579586,,,,,,,7
seq,25.846728,26.595567,26.595566,,,,,,,8
seq,25.559881,26.208929,26.208928,,,,,,,9
seq,25.854059,26.560759,26.560758,,,,,,,10
seq,25.811473,26.425714,26.425713,,,,,,,11
seq,25.871078,26.565817,26.565816,,,,,,,12
seq,25.889816,26.506381,26.506380,,,,,,,13
seq,25.574091,26.327815,26.327814,,,,,,,14
seq,25.891137,26.725877,26.725876,,,,,,,15
