i_o	threads	method	region	size	delta_x	delta_y	mean_duration_clock	mean_duration_mono	mean_duration_sys	ci_duration_clock	ci_duration_mono	ci_duration_sys	repetitions
0	1	seq	Full Picture	16	4.0	4.0	0.00023515	0.00022800000000000004	0.00022700000000000004	0.00026232978498146384	0.0002610539699795911	0.00026171379498263084	10
1	1	seq	Full Picture	16	4.0	4.0	0.00023515	0.00022800000000000004	0.00022700000000000004	0.00026232978498146384	0.0002610539699795911	0.00026171379498263084	10
0	2	seq	Full Picture	16	4.0	4.0	0.0001096	0.0001031	0.00010190000000000001	1.627311566152386e-5	1.8673222182223038e-5	1.785525456428878e-5	10
1	2	seq	Full Picture	16	4.0	4.0	0.0001096	0.0001031	0.00010190000000000001	1.627311566152386e-5	1.8673222182223038e-5	1.785525456428878e-5	10
0	4	seq	Full Picture	16	4.0	4.0	0.0001093	0.00010299999999999998	0.0001016	1.6912376007593432e-5	1.8640047687111148e-5	1.8344594844258624e-5	10
1	4	seq	Full Picture	16	4.0	4.0	0.0001093	0.00010299999999999998	0.0001016	1.6912376007593432e-5	1.8640047687111148e-5	1.8344594844258624e-5	10
0	8	seq	Full Picture	16	4.0	4.0	0.0001123	0.0001058	0.00010449999999999999	3.5844131706288784e-6	2.2251731518143815e-6	1.904777618982805e-6	10
1	8	seq	Full Picture	16	4.0	4.0	0.0001123	0.0001058	0.00010449999999999999	3.5844131706288784e-6	2.2251731518143815e-6	1.904777618982805e-6	10
0	16	seq	Full Picture	16	4.0	4.0	0.0001105	0.00010319999999999999	0.0001016	2.1594618671223525e-5	1.886312616956396e-5	1.8437432455620162e-5	10
1	16	seq	Full Picture	16	4.0	4.0	0.0001105	0.00010319999999999999	0.0001016	2.1594618671223525e-5	1.886312616956396e-5	1.8437432455620162e-5	10
0	32	seq	Full Picture	16	4.0	4.0	0.00011169999999999999	0.0001059	0.00010479999999999999	1.6136143006031822e-6	1.7161662701109848e-6	1.5460688499833738e-6	10
1	32	seq	Full Picture	16	4.0	4.0	0.00011169999999999999	0.0001059	0.00010479999999999999	1.6136143006031822e-6	1.7161662701109848e-6	1.5460688499833738e-6	10
0	1	seq	Full Picture	32	4.0	4.0	0.00056365	0.0005577000000000001	0.0005565	0.0003429185103198717	0.0003436487506865419	0.00034379898521022273	10
1	1	seq	Full Picture	32	4.0	4.0	0.00056365	0.0005577000000000001	0.0005565	0.0003429185103198717	0.0003436487506865419	0.00034379898521022273	10
0	2	seq	Full Picture	32	4.0	4.0	0.0003974	0.00039119999999999997	0.00039	2.3469130173722064e-5	2.3516370090263116e-5	2.3682770108245363e-5	10
1	2	seq	Full Picture	32	4.0	4.0	0.0003974	0.00039119999999999997	0.00039	2.3469130173722064e-5	2.3516370090263116e-5	2.3682770108245363e-5	10
0	4	seq	Full Picture	32	4.0	4.0	0.00039440000000000005	0.0003884	0.00038700000000000003	1.0583193384901486e-5	1.0861850875630948e-5	1.0453333333333342e-5	10
1	4	seq	Full Picture	32	4.0	4.0	0.00039440000000000005	0.0003884	0.00038700000000000003	1.0583193384901486e-5	1.0861850875630948e-5	1.0453333333333342e-5	10
0	8	seq	Full Picture	32	4.0	4.0	0.0003876	0.0003811	0.0003799	7.124149901723169e-5	7.310008834163987e-5	7.289543061430151e-5	10
1	8	seq	Full Picture	32	4.0	4.0	0.0003876	0.0003811	0.0003799	7.124149901723169e-5	7.310008834163987e-5	7.289543061430151e-5	10
0	16	seq	Full Picture	32	4.0	4.0	0.0003946999999999999	0.0003889999999999999	0.0003879	1.0577141810947271e-5	1.0893243573681612e-5	1.0348684511140114e-5	10
1	16	seq	Full Picture	32	4.0	4.0	0.0003946999999999999	0.0003889999999999999	0.0003879	1.0577141810947271e-5	1.0893243573681612e-5	1.0348684511140114e-5	10
0	32	seq	Full Picture	32	4.0	4.0	0.00039519999999999996	0.0003893	0.000388	1.0112958463718183e-5	9.867280161107096e-6	9.377097395012782e-6	10
1	32	seq	Full Picture	32	4.0	4.0	0.00039519999999999996	0.0003893	0.000388	1.0112958463718183e-5	9.867280161107096e-6	9.377097395012782e-6	10
0	1	seq	Full Picture	64	4.0	4.0	0.0018970500000000002	0.0018908500000000001	0.0018898500000000002	0.0008075013399734687	0.0008064030879509591	0.0008070133846434544	10
1	1	seq	Full Picture	64	4.0	4.0	0.0018970500000000002	0.0018908500000000001	0.0018898500000000002	0.0008075013399734687	0.0008064030879509591	0.0008070133846434544	10
0	2	seq	Full Picture	64	4.0	4.0	0.0015000999999999999	0.0014954999999999999	0.0014941999999999998	3.370148931756906e-5	4.173414376209906e-5	4.203528591816906e-5	10
1	2	seq	Full Picture	64	4.0	4.0	0.0015000999999999999	0.0014954999999999999	0.0014941999999999998	3.370148931756906e-5	4.173414376209906e-5	4.203528591816906e-5	10
0	4	seq	Full Picture	64	4.0	4.0	0.001494	0.0014881999999999999	0.0014868	1.534985776264176e-5	1.5176470677407899e-5	1.4515178875156172e-5	10
1	4	seq	Full Picture	64	4.0	4.0	0.001494	0.0014881999999999999	0.0014868	1.534985776264176e-5	1.5176470677407899e-5	1.4515178875156172e-5	10
0	8	seq	Full Picture	64	4.0	4.0	0.0014957999999999998	0.0014902000000000001	0.0014891000000000001	2.563532146602933e-5	2.601546753589317e-5	2.6400649486960275e-5	10
1	8	seq	Full Picture	64	4.0	4.0	0.0014957999999999998	0.0014902000000000001	0.0014891000000000001	2.563532146602933e-5	2.601546753589317e-5	2.6400649486960275e-5	10
0	16	seq	Full Picture	64	4.0	4.0	0.0014925	0.001487	0.0014857	1.4111092563417408e-5	1.4133760999818794e-5	1.4165435868102865e-5	10
1	16	seq	Full Picture	64	4.0	4.0	0.0014925	0.001487	0.0014857	1.4111092563417408e-5	1.4133760999818794e-5	1.4165435868102865e-5	10
0	32	seq	Full Picture	64	4.0	4.0	0.0014502	0.0014427000000000003	0.0014412000000000001	0.0002554772265040902	0.0002577597482928627	0.0002574113434779267	10
1	32	seq	Full Picture	64	4.0	4.0	0.0014502	0.0014427000000000003	0.0014412000000000001	0.0002554772265040902	0.0002577597482928627	0.0002574113434779267	10
0	1	seq	Full Picture	128	4.0	4.0	0.006868299999999999	0.0068617	0.00686065	0.0033178549476266324	0.003319427370758872	0.003319538663857723	10
1	1	seq	Full Picture	128	4.0	4.0	0.006868299999999999	0.0068617	0.00686065	0.0033178549476266324	0.003319427370758872	0.003319538663857723	10
0	2	seq	Full Picture	128	4.0	4.0	0.0058192	0.005814000000000001	0.0058129	7.150822125229171e-5	6.854709070737035e-5	6.862457337653275e-5	10
1	2	seq	Full Picture	128	4.0	4.0	0.0058192	0.005814000000000001	0.0058129	7.150822125229171e-5	6.854709070737035e-5	6.862457337653275e-5	10
0	4	seq	Full Picture	128	4.0	4.0	0.005815700000000001	0.005809	0.005807799999999999	5.149369255873315e-5	5.030242406352465e-5	5.0503976697109746e-5	10
1	4	seq	Full Picture	128	4.0	4.0	0.005815700000000001	0.005809	0.005807799999999999	5.149369255873315e-5	5.030242406352465e-5	5.0503976697109746e-5	10
0	8	seq	Full Picture	128	4.0	4.0	0.0058259	0.0058198	0.0058188	3.084466861910203e-5	3.094621455938598e-5	3.0946214559385895e-5	10
1	8	seq	Full Picture	128	4.0	4.0	0.0058259	0.0058198	0.0058188	3.084466861910203e-5	3.094621455938598e-5	3.0946214559385895e-5	10
0	16	seq	Full Picture	128	4.0	4.0	0.0058251000000000015	0.0058192	0.0058177	4.6413804268414614e-5	4.700187343783918e-5	4.71944593734856e-5	10
1	16	seq	Full Picture	128	4.0	4.0	0.0058251000000000015	0.0058192	0.0058177	4.6413804268414614e-5	4.700187343783918e-5	4.71944593734856e-5	10
0	32	seq	Full Picture	128	4.0	4.0	0.005813399999999999	0.0058076	0.0058066	4.4332409814942285e-5	4.430351558661371e-5	4.4467001298091e-5	10
1	32	seq	Full Picture	128	4.0	4.0	0.005813399999999999	0.0058076	0.0058066	4.4332409814942285e-5	4.430351558661371e-5	4.4467001298091e-5	10
0	1	seq	Full Picture	256	4.0	4.0	0.02816095	0.0283531	0.028351849999999994	0.01022851946989891	0.010735180018030439	0.01073529698538542	10
1	1	seq	Full Picture	256	4.0	4.0	0.02816095	0.0283531	0.028351849999999994	0.01022851946989891	0.010735180018030439	0.01073529698538542	10
0	2	seq	Full Picture	256	4.0	4.0	0.0230181	0.023009800000000004	0.0230087	0.00018962531518760907	0.00019137827374658212	0.00019137437055851257	10
1	2	seq	Full Picture	256	4.0	4.0	0.0230181	0.023009800000000004	0.0230087	0.00018962531518760907	0.00019137827374658212	0.00019137437055851257	10
0	4	seq	Full Picture	256	4.0	4.0	0.023037	0.023029699999999997	0.023028299999999998	0.00016230830361451773	0.00016225582987643085	0.00016188975129183766	10
1	4	seq	Full Picture	256	4.0	4.0	0.023037	0.023029699999999997	0.023028299999999998	0.00016230830361451773	0.00016225582987643085	0.00016188975129183766	10
0	8	seq	Full Picture	256	4.0	4.0	0.0231121	0.0231041	0.0231029	0.0003189999269662047	0.0003186183486102314	0.0003188620759025588	10
1	8	seq	Full Picture	256	4.0	4.0	0.0231121	0.0231041	0.0231029	0.0003189999269662047	0.0003186183486102314	0.0003188620759025588	10
0	16	seq	Full Picture	256	4.0	4.0	0.023049399999999998	0.023041700000000002	0.023040300000000003	0.00018966976700453774	0.00018880553386428493	0.00018882587962929724	10
1	16	seq	Full Picture	256	4.0	4.0	0.023049399999999998	0.023041700000000002	0.023040300000000003	0.00018966976700453774	0.00018880553386428493	0.00018882587962929724	10
0	32	seq	Full Picture	256	4.0	4.0	0.0230242	0.0230162	0.023014899999999998	0.00015762754953793336	0.00015752190484712522	0.0001576320175598851	10
1	32	seq	Full Picture	256	4.0	4.0	0.0230242	0.0230162	0.023014899999999998	0.00015762754953793336	0.00015752190484712522	0.0001576320175598851	10
0	1	seq	Full Picture	512	4.0	4.0	0.11282835	0.11285929999999997	0.11285750000000001	0.04132577110210253	0.041412168004033426	0.041413577624374656	10
1	1	seq	Full Picture	512	4.0	4.0	0.11282835	0.11285929999999997	0.11285750000000001	0.04132577110210253	0.041412168004033426	0.041413577624374656	10
0	2	seq	Full Picture	512	4.0	4.0	0.09234759999999999	0.0923371	0.09233430000000001	0.000349521976139476	0.00034627215215780806	0.000345992959748543	10
1	2	seq	Full Picture	512	4.0	4.0	0.09234759999999999	0.0923371	0.09233430000000001	0.000349521976139476	0.00034627215215780806	0.000345992959748543	10
0	4	seq	Full Picture	512	4.0	4.0	0.09242059999999999	0.09316139999999999	0.09315860000000001	0.0006801191841173463	0.004612413510813813	0.004612279137093844	10
1	4	seq	Full Picture	512	4.0	4.0	0.09242059999999999	0.09316139999999999	0.09315860000000001	0.0006801191841173463	0.004612413510813813	0.004612279137093844	10
0	8	seq	Full Picture	512	4.0	4.0	0.09256059999999999	0.09256280000000001	0.0925601	0.0005838711005997475	0.000579809536788686	0.000579714304026852	10
1	8	seq	Full Picture	512	4.0	4.0	0.09256059999999999	0.09256280000000001	0.0925601	0.0005838711005997475	0.000579809536788686	0.000579714304026852	10
0	16	seq	Full Picture	512	4.0	4.0	0.09245649999999998	0.0924439	0.09244149999999998	0.0007896225966033838	0.0007887573223636161	0.0007886008031669502	10
1	16	seq	Full Picture	512	4.0	4.0	0.09245649999999998	0.0924439	0.09244149999999998	0.0007896225966033838	0.0007887573223636161	0.0007886008031669502	10
0	32	seq	Full Picture	512	4.0	4.0	0.0924655	0.09249130000000003	0.0924887	0.00126553356536548	0.001341298281854813	0.0013406527514013482	10
1	32	seq	Full Picture	512	4.0	4.0	0.0924655	0.09249130000000003	0.0924887	0.00126553356536548	0.001341298281854813	0.0013406527514013482	10
0	1	seq	Full Picture	1024	4.0	4.0	0.45094949999999995	0.4509612499999999	0.45095884999999997	0.1645162775774783	0.16451480836836585	0.16451780749399425	10
1	1	seq	Full Picture	1024	4.0	4.0	0.45094949999999995	0.4509612499999999	0.45095884999999997	0.1645162775774783	0.16451480836836585	0.16451780749399425	10
0	2	seq	Full Picture	1024	4.0	4.0	0.36940629999999997	0.3695765	0.36957260000000003	0.0019957572249638686	0.0021701110106372213	0.0021701865293881494	10
1	2	seq	Full Picture	1024	4.0	4.0	0.36940629999999997	0.3695765	0.36957260000000003	0.0019957572249638686	0.0021701110106372213	0.0021701865293881494	10
0	4	seq	Full Picture	1024	4.0	4.0	0.3690226	0.3690242	0.3690209	0.0025031109447743046	0.0025347258409925736	0.0025349081512494927	10
1	4	seq	Full Picture	1024	4.0	4.0	0.3690226	0.3690242	0.3690209	0.0025031109447743046	0.0025347258409925736	0.0025349081512494927	10
0	8	seq	Full Picture	1024	4.0	4.0	0.3605941	0.3606717	0.3606678	0.04644164776254634	0.04648975340834502	0.04648983754499776	10
1	8	seq	Full Picture	1024	4.0	4.0	0.3605941	0.3606717	0.3606678	0.04644164776254634	0.04648975340834502	0.04648983754499776	10
0	16	seq	Full Picture	1024	4.0	4.0	0.3676355	0.3676389	0.36763510000000005	0.0012429474786079114	0.0012553318278553554	0.001255153642009174	10
1	16	seq	Full Picture	1024	4.0	4.0	0.3676355	0.3676389	0.36763510000000005	0.0012429474786079114	0.0012553318278553554	0.001255153642009174	10
0	32	seq	Full Picture	1024	4.0	4.0	0.36834900000000004	0.3683783	0.3683748	0.0019160325279539974	0.0020920121106129215	0.002092136109428175	10
1	32	seq	Full Picture	1024	4.0	4.0	0.36834900000000004	0.3683783	0.3683748	0.0019160325279539974	0.0020920121106129215	0.002092136109428175	10
0	1	seq	Full Picture	2048	4.0	4.0	1.7834453	1.7904078	1.7904053000000002	0.6274207344784994	0.6400423950588738	0.6400449611030355	10
1	1	seq	Full Picture	2048	4.0	4.0	1.7834453	1.7904078	1.7904053000000002	0.6274207344784994	0.6400423950588738	0.6400449611030355	10
0	2	seq	Full Picture	2048	4.0	4.0	1.392539	1.3930806	1.3930770999999997	0.2879298644260192	0.2885577719105732	0.2885567680344924	10
1	2	seq	Full Picture	2048	4.0	4.0	1.392539	1.3930806	1.3930770999999997	0.2879298644260192	0.2885577719105732	0.2885567680344924	10
0	4	seq	Full Picture	2048	4.0	4.0	1.2596862	1.259789	1.2597858	0.4326020659548839	0.4324372474331019	0.43243641277632044	10
1	4	seq	Full Picture	2048	4.0	4.0	1.2596862	1.259789	1.2597858	0.4326020659548839	0.4324372474331019	0.43243641277632044	10
0	8	seq	Full Picture	2048	4.0	4.0	1.4534138	1.4540193000000001	1.4540157999999999	0.09607943719977974	0.09500341403801543	0.09500256824205087	10
1	8	seq	Full Picture	2048	4.0	4.0	1.4534138	1.4540193000000001	1.4540157999999999	0.09607943719977974	0.09500341403801543	0.09500256824205087	10
0	16	seq	Full Picture	2048	4.0	4.0	1.3185008000000003	1.3187717	1.3187684	0.3833788277079811	0.38349271748592784	0.38349242237448633	10
1	16	seq	Full Picture	2048	4.0	4.0	1.3185008000000003	1.3187717	1.3187684	0.3833788277079811	0.38349271748592784	0.38349242237448633	10
0	32	seq	Full Picture	2048	4.0	4.0	1.2705612999999998	1.2705638999999997	1.2705601999999998	0.44918743805356753	0.44918332536890976	0.44918256218667824	10
1	32	seq	Full Picture	2048	4.0	4.0	1.2705612999999998	1.2705638999999997	1.2705601999999998	0.44918743805356753	0.44918332536890976	0.44918256218667824	10
0	1	seq	Full Picture	4096	4.0	4.0	6.2924135	6.33537675	6.335374450000001	3.0569787012111926	3.1210210732245325	3.1210229874230255	10
1	1	seq	Full Picture	4096	4.0	4.0	6.2924135	6.33537675	6.335374450000001	3.0569787012111926	3.1210210732245325	3.1210229874230255	10
0	2	seq	Full Picture	4096	4.0	4.0	5.015844500000001	5.0197987	5.0197947	1.6365177560983157	1.634123746944056	1.6341236695844878	10
1	2	seq	Full Picture	4096	4.0	4.0	5.015844500000001	5.0197987	5.0197947	1.6365177560983157	1.634123746944056	1.6341236695844878	10
0	4	seq	Full Picture	4096	4.0	4.0	5.6278599	5.631068000000001	5.631064199999999	0.861128814690746	0.8587427845572237	0.8587420677901321	10
1	4	seq	Full Picture	4096	4.0	4.0	5.6278599	5.631068000000001	5.631064199999999	0.861128814690746	0.8587427845572237	0.8587420677901321	10
0	8	seq	Full Picture	4096	4.0	4.0	5.5133684	5.5181843	5.518180299999999	1.3828442301105104	1.3863394413226091	1.386338304518675	10
1	8	seq	Full Picture	4096	4.0	4.0	5.5133684	5.5181843	5.518180299999999	1.3828442301105104	1.3863394413226091	1.386338304518675	10
0	16	seq	Full Picture	4096	4.0	4.0	4.8649927	4.867644100000001	4.8676403	1.177363660650306	1.1781930830248708	1.1781924551070446	10
1	16	seq	Full Picture	4096	4.0	4.0	4.8649927	4.867644100000001	4.8676403	1.177363660650306	1.1781930830248708	1.1781924551070446	10
0	32	seq	Full Picture	4096	4.0	4.0	5.261919	5.2656065	5.2656029	1.5427587381629817	1.543212247550452	1.5432105415118855	10
1	32	seq	Full Picture	4096	4.0	4.0	5.261919	5.2656065	5.2656029	1.5427587381629817	1.543212247550452	1.5432105415118855	10
0	1	seq	Full Picture	8192	4.0	4.0	23.9061074	24.3433503	24.343347700000002	7.484212571605992	8.549340567280195	8.549342485379434	10
1	1	seq	Full Picture	8192	4.0	4.0	23.9061074	24.3433503	24.343347700000002	7.484212571605992	8.549340567280195	8.549342485379434	10
0	2	seq	Full Picture	8192	4.0	4.0	20.441657899999996	20.447646400000004	20.447643499999998	7.086278456426927	7.090163031796324	7.090161431254663	10
1	2	seq	Full Picture	8192	4.0	4.0	20.441657899999996	20.447646400000004	20.447643499999998	7.086278456426927	7.090163031796324	7.090161431254663	10
0	4	seq	Full Picture	8192	4.0	4.0	20.079151	20.082738100000004	20.0827345	6.881629759930499	6.878245940913708	6.878245430999259	10
1	4	seq	Full Picture	8192	4.0	4.0	20.079151	20.082738100000004	20.0827345	6.881629759930499	6.878245940913708	6.878245430999259	10
0	8	seq	Full Picture	8192	4.0	4.0	20.926164500000002	20.940303399999998	20.9403	6.660300953772779	6.657881919447258	6.65787983694948	10
1	8	seq	Full Picture	8192	4.0	4.0	20.926164500000002	20.940303399999998	20.9403	6.660300953772779	6.657881919447258	6.65787983694948	10
0	16	seq	Full Picture	8192	4.0	4.0	20.6960458	20.704682400000003	20.704679000000002	7.916340461328761	7.907540900001175	7.90753948407047	10
1	16	seq	Full Picture	8192	4.0	4.0	20.6960458	20.704682400000003	20.704679000000002	7.916340461328761	7.907540900001175	7.90753948407047	10
0	32	seq	Full Picture	8192	4.0	4.0	20.1358162	20.1412457	20.1412421	5.101953709816004	5.100003280355873	5.1000022048351985	10
1	32	seq	Full Picture	8192	4.0	4.0	20.1358162	20.1412457	20.1412421	5.101953709816004	5.100003280355873	5.1000022048351985	10
0	1	seq	Seahorse Valley	16	0.10000000000000009	0.10000000000000002	0.0026734	0.0026678	0.0026668	0.018003294001716345	0.018003975761522524	0.018003512057783437	10
1	1	seq	Seahorse Valley	16	0.10000000000000009	0.10000000000000002	0.0026734	0.0026678	0.0026668	0.018003294001716345	0.018003975761522524	0.018003512057783437	10
0	2	seq	Seahorse Valley	16	0.10000000000000009	0.09999999999999999	0.000481	0.00047599999999999997	0.0004747999999999999	0.00016388121443424944	0.00016381608657949995	0.00016382859313590192	10
1	2	seq	Seahorse Valley	16	0.10000000000000009	0.09999999999999999	0.000481	0.00047599999999999997	0.0004747999999999999	0.00016388121443424944	0.00016381608657949995	0.00016382859313590192	10
0	4	seq	Seahorse Valley	16	0.10000000000000009	0.09999999999999999	0.0004555	0.00045060000000000006	0.0004495	0.0001515712212496525	0.00015099832311063	0.00015019918774747087	10
1	4	seq	Seahorse Valley	16	0.10000000000000009	0.09999999999999999	0.0004555	0.00045060000000000006	0.0004495	0.0001515712212496525	0.00015099832311063	0.00015019918774747087	10
0	8	seq	Seahorse Valley	16	0.10000000000000009	0.09999999999999999	0.00048760000000000003	0.0004823	0.0004816000000000001	0.00020993298841932075	0.00020845951212538984	0.00020793907586384792	10
1	8	seq	Seahorse Valley	16	0.10000000000000009	0.09999999999999999	0.00048760000000000003	0.0004823	0.0004816000000000001	0.00020993298841932075	0.00020845951212538984	0.00020793907586384792	10
0	16	seq	Seahorse Valley	16	0.10000000000000009	0.09999999999999999	0.0005888000000000001	0.0005829	0.0005817999999999999	0.00022636995937329378	0.00022413323454290897	0.00022417960244212917	10
1	16	seq	Seahorse Valley	16	0.10000000000000009	0.09999999999999999	0.0005888000000000001	0.0005829	0.0005817999999999999	0.00022636995937329378	0.00022413323454290897	0.00022417960244212917	10
0	32	seq	Seahorse Valley	16	0.10000000000000009	0.09999999999999999	0.0006458	0.0006396	0.0006383	0.00032790539004075206	0.0003257142863581175	0.0003247547100607883	10
1	32	seq	Seahorse Valley	16	0.10000000000000009	0.09999999999999999	0.0006458	0.0006396	0.0006383	0.00032790539004075206	0.0003257142863581175	0.0003247547100607883	10
0	1	seq	Seahorse Valley	32	0.10000000000000009	0.10000000000000002	0.0020329499999999995	0.0020277	0.0020267999999999996	0.0007721956133383219	0.0007709075113724904	0.0007706379770826929	10
1	1	seq	Seahorse Valley	32	0.10000000000000009	0.10000000000000002	0.0020329499999999995	0.0020277	0.0020267999999999996	0.0007721956133383219	0.0007709075113724904	0.0007706379770826929	10
0	2	seq	Seahorse Valley	32	0.10000000000000009	0.09999999999999999	0.0019414999999999999	0.0019368	0.0019356999999999998	0.0005218929147716886	0.0005210019355221032	0.0005207349879374558	10
1	2	seq	Seahorse Valley	32	0.10000000000000009	0.09999999999999999	0.0019414999999999999	0.0019368	0.0019356999999999998	0.0005218929147716886	0.0005210019355221032	0.0005207349879374558	10
0	4	seq	Seahorse Valley	32	0.10000000000000009	0.09999999999999999	0.0020506	0.0020450999999999998	0.002044	0.00045954855497784157	0.0004599563644810957	0.00045935327252320487	10
1	4	seq	Seahorse Valley	32	0.10000000000000009	0.09999999999999999	0.0020506	0.0020450999999999998	0.002044	0.00045954855497784157	0.0004599563644810957	0.00045935327252320487	10
0	8	seq	Seahorse Valley	32	0.10000000000000009	0.09999999999999999	0.0018246999999999996	0.0018192999999999998	0.0018182	0.0006045251003850507	0.0006041097813550852	0.000604269267955566	10
1	8	seq	Seahorse Valley	32	0.10000000000000009	0.09999999999999999	0.0018246999999999996	0.0018192999999999998	0.0018182	0.0006045251003850507	0.0006041097813550852	0.000604269267955566	10
0	16	seq	Seahorse Valley	32	0.10000000000000009	0.09999999999999999	0.0018606	0.0018558	0.0018544000000000002	0.0006297728036751737	0.0006290801430801783	0.0006285251390216802	10
1	16	seq	Seahorse Valley	32	0.10000000000000009	0.09999999999999999	0.0018606	0.0018558	0.0018544000000000002	0.0006297728036751737	0.0006290801430801783	0.0006285251390216802	10
0	32	seq	Seahorse Valley	32	0.10000000000000009	0.09999999999999999	0.0019404000000000001	0.0019352999999999998	0.0019343999999999997	0.0006036136731239793	0.0006026390368445185	0.0006024025271306	10
1	32	seq	Seahorse Valley	32	0.10000000000000009	0.09999999999999999	0.0019404000000000001	0.0019352999999999998	0.0019343999999999997	0.0006036136731239793	0.0006026390368445185	0.0006024025271306	10
0	1	seq	Seahorse Valley	64	0.10000000000000009	0.10000000000000002	0.008778300000000003	0.008769250000000001	0.0087682	0.0024508108601754004	0.0024467293518577204	0.002446645203593989	10
1	1	seq	Seahorse Valley	64	0.10000000000000009	0.10000000000000002	0.008778300000000003	0.008769250000000001	0.0087682	0.0024508108601754004	0.0024467293518577204	0.002446645203593989	10
0	2	seq	Seahorse Valley	64	0.10000000000000009	0.09999999999999999	0.0067124	0.0067065	0.006705600000000001	0.0009029469436265036	0.0009032797034510777	0.0009034682074367028	10
1	2	seq	Seahorse Valley	64	0.10000000000000009	0.09999999999999999	0.0067124	0.0067065	0.006705600000000001	0.0009029469436265036	0.0009032797034510777	0.0009034682074367028	10
0	4	seq	Seahorse Valley	64	0.10000000000000009	0.09999999999999999	0.007456199999999999	0.007448800000000001	0.0074477	0.002371903393633241	0.0023709315980048385	0.002370685525987977	10
1	4	seq	Seahorse Valley	64	0.10000000000000009	0.09999999999999999	0.007456199999999999	0.007448800000000001	0.0074477	0.002371903393633241	0.0023709315980048385	0.002370685525987977	10
0	8	seq	Seahorse Valley	64	0.10000000000000009	0.09999999999999999	0.007400600000000002	0.007643499999999999	0.007642499999999999	0.002503929163300485	0.0024577644973340215	0.002457766755066703	10
1	8	seq	Seahorse Valley	64	0.10000000000000009	0.09999999999999999	0.007400600000000002	0.007643499999999999	0.007642499999999999	0.002503929163300485	0.0024577644973340215	0.002457766755066703	10
0	16	seq	Seahorse Valley	64	0.10000000000000009	0.09999999999999999	0.008458499999999999	0.0084501	0.0084492	0.0018148993810371105	0.0018140252550930918	0.0018136236318413294	10
1	16	seq	Seahorse Valley	64	0.10000000000000009	0.09999999999999999	0.008458499999999999	0.0084501	0.0084492	0.0018148993810371105	0.0018140252550930918	0.0018136236318413294	10
0	32	seq	Seahorse Valley	64	0.10000000000000009	0.09999999999999999	0.0087887	0.0087793	0.008778300000000001	0.0011152375313388024	0.0011134046209592154	0.0011130507154343372	10
1	32	seq	Seahorse Valley	64	0.10000000000000009	0.09999999999999999	0.0087887	0.0087793	0.008778300000000001	0.0011152375313388024	0.0011134046209592154	0.0011130507154343372	10
0	1	seq	Seahorse Valley	128	0.10000000000000009	0.10000000000000002	0.03178635	0.03177685000000001	0.031775750000000005	0.010192603084373647	0.010190294107227412	0.010190116497571762	10
1	1	seq	Seahorse Valley	128	0.10000000000000009	0.10000000000000002	0.03178635	0.03177685000000001	0.031775750000000005	0.010192603084373647	0.010190294107227412	0.010190116497571762	10
0	2	seq	Seahorse Valley	128	0.10000000000000009	0.09999999999999999	0.0314139	0.031433300000000004	0.0314325	0.01003625431445107	0.009966832060184866	0.009966759263449455	10
1	2	seq	Seahorse Valley	128	0.10000000000000009	0.09999999999999999	0.0314139	0.031433300000000004	0.0314325	0.01003625431445107	0.009966832060184866	0.009966759263449455	10
0	4	seq	Seahorse Valley	128	0.10000000000000009	0.09999999999999999	0.0308099	0.0308044	0.030803199999999996	0.009943129880988404	0.009934806441341247	0.009934858196298076	10
1	4	seq	Seahorse Valley	128	0.10000000000000009	0.09999999999999999	0.0308099	0.0308044	0.030803199999999996	0.009943129880988404	0.009934806441341247	0.009934858196298076	10
0	8	seq	Seahorse Valley	128	0.10000000000000009	0.09999999999999999	0.0319339	0.0319236	0.0319227	0.009241433576514942	0.009238792936188149	0.009238760680679105	10
1	8	seq	Seahorse Valley	128	0.10000000000000009	0.09999999999999999	0.0319339	0.0319236	0.0319227	0.009241433576514942	0.009238792936188149	0.009238760680679105	10
0	16	seq	Seahorse Valley	128	0.10000000000000009	0.09999999999999999	0.034298199999999994	0.034290400000000006	0.0342891	0.005150834654290506	0.0051513182052735015	0.00515138037151899	10
1	16	seq	Seahorse Valley	128	0.10000000000000009	0.09999999999999999	0.034298199999999994	0.034290400000000006	0.0342891	0.005150834654290506	0.0051513182052735015	0.00515138037151899	10
0	32	seq	Seahorse Valley	128	0.10000000000000009	0.09999999999999999	0.0354348	0.0354242	0.035423	0.0002122233438201892	0.00021392611625927803	0.0002137848031185679	10
1	32	seq	Seahorse Valley	128	0.10000000000000009	0.09999999999999999	0.0354348	0.0354242	0.035423	0.0002122233438201892	0.00021392611625927803	0.0002137848031185679	10
0	1	seq	Seahorse Valley	256	0.10000000000000009	0.10000000000000002	0.13205445000000002	0.13251845	0.13251705	0.036589192704019446	0.03644904277522563	0.03644892338303208	10
1	1	seq	Seahorse Valley	256	0.10000000000000009	0.10000000000000002	0.13205445000000002	0.13251845	0.13251705	0.036589192704019446	0.03644904277522563	0.03644892338303208	10
0	2	seq	Seahorse Valley	256	0.10000000000000009	0.09999999999999999	0.13125360000000003	0.1342503	0.134249	0.03456814877067527	0.04257085394098143	0.04257062845984255	10
1	2	seq	Seahorse Valley	256	0.10000000000000009	0.09999999999999999	0.13125360000000003	0.1342503	0.134249	0.03456814877067527	0.04257085394098143	0.04257062845984255	10
0	4	seq	Seahorse Valley	256	0.10000000000000009	0.09999999999999999	0.12652829999999998	0.1267449	0.1267434	0.033738938819573905	0.0338245612797194	0.033824268278906625	10
1	4	seq	Seahorse Valley	256	0.10000000000000009	0.09999999999999999	0.12652829999999998	0.1267449	0.1267434	0.033738938819573905	0.0338245612797194	0.033824268278906625	10
0	8	seq	Seahorse Valley	256	0.10000000000000009	0.09999999999999999	0.13165929999999998	0.13167059999999997	0.13166920000000001	0.030784820168919768	0.030808299847620138	0.03080790133238362	10
1	8	seq	Seahorse Valley	256	0.10000000000000009	0.09999999999999999	0.13165929999999998	0.13167059999999997	0.13166920000000001	0.030784820168919768	0.030808299847620138	0.03080790133238362	10
0	16	seq	Seahorse Valley	256	0.10000000000000009	0.09999999999999999	0.1263806	0.126704	0.12670279999999998	0.04163717436988655	0.04217977256344141	0.04217941873656625	10
1	16	seq	Seahorse Valley	256	0.10000000000000009	0.09999999999999999	0.1263806	0.126704	0.12670279999999998	0.04163717436988655	0.04217977256344141	0.04217941873656625	10
0	32	seq	Seahorse Valley	256	0.10000000000000009	0.09999999999999999	0.129707	0.1297318	0.12973050000000003	0.03799608332587276	0.03791790532995103	0.037917054133511534	10
1	32	seq	Seahorse Valley	256	0.10000000000000009	0.09999999999999999	0.129707	0.1297318	0.12973050000000003	0.03799608332587276	0.03791790532995103	0.037917054133511534	10
0	1	seq	Seahorse Valley	512	0.10000000000000009	0.10000000000000002	0.5248773999999999	0.5284002	0.5283981000000001	0.12314128310024684	0.1276787143193431	0.12767793377712575	10
1	1	seq	Seahorse Valley	512	0.10000000000000009	0.10000000000000002	0.5248773999999999	0.5284002	0.5283981000000001	0.12314128310024684	0.1276787143193431	0.12767793377712575	10
0	2	seq	Seahorse Valley	512	0.10000000000000009	0.09999999999999999	0.5098287	0.5101119999999999	0.5101091999999999	0.14916166911442516	0.14857200672093482	0.14857115298883536	10
1	2	seq	Seahorse Valley	512	0.10000000000000009	0.09999999999999999	0.5098287	0.5101119999999999	0.5101091999999999	0.14916166911442516	0.14857200672093482	0.14857115298883536	10
0	4	seq	Seahorse Valley	512	0.10000000000000009	0.09999999999999999	0.5369317	0.5427562000000001	0.5427529	0.12334486317906128	0.13020877177622345	0.13020905202418517	10
1	4	seq	Seahorse Valley	512	0.10000000000000009	0.09999999999999999	0.5369317	0.5427562000000001	0.5427529	0.12334486317906128	0.13020877177622345	0.13020905202418517	10
0	8	seq	Seahorse Valley	512	0.10000000000000009	0.09999999999999999	0.5152699000000001	0.5159559	0.5159531	0.15026333392652302	0.15040720207060235	0.15040607003769846	10
1	8	seq	Seahorse Valley	512	0.10000000000000009	0.09999999999999999	0.5152699000000001	0.5159559	0.5159531	0.15026333392652302	0.15040720207060235	0.15040607003769846	10
0	16	seq	Seahorse Valley	512	0.10000000000000009	0.09999999999999999	0.49744040000000006	0.49891389999999997	0.4989114999999999	0.14426111980019712	0.14265218122609002	0.14265044340558947	10
1	16	seq	Seahorse Valley	512	0.10000000000000009	0.09999999999999999	0.49744040000000006	0.49891389999999997	0.4989114999999999	0.14426111980019712	0.14265218122609002	0.14265044340558947	10
0	32	seq	Seahorse Valley	512	0.10000000000000009	0.09999999999999999	0.5143954	0.516157	0.516155	0.14107531063821568	0.13881867664199846	0.1388186814325904	10
1	32	seq	Seahorse Valley	512	0.10000000000000009	0.09999999999999999	0.5143954	0.516157	0.516155	0.14107531063821568	0.13881867664199846	0.1388186814325904	10
0	1	seq	Seahorse Valley	1024	0.10000000000000009	0.10000000000000002	2.18210755	2.2229074	2.2229052	0.5317194632147121	0.5202377545426066	0.5202384623440534	10
1	1	seq	Seahorse Valley	1024	0.10000000000000009	0.10000000000000002	2.18210755	2.2229074	2.2229052	0.5317194632147121	0.5202377545426066	0.5202384623440534	10
0	2	seq	Seahorse Valley	1024	0.10000000000000009	0.09999999999999999	2.0213602	2.0221038	2.0221006000000004	0.6152737767778829	0.6154794319135245	0.6154788883036214	10
1	2	seq	Seahorse Valley	1024	0.10000000000000009	0.09999999999999999	2.0213602	2.0221038	2.0221006000000004	0.6152737767778829	0.6154794319135245	0.6154788883036214	10
0	4	seq	Seahorse Valley	1024	0.10000000000000009	0.09999999999999999	1.9579845000000002	1.9619453000000004	1.9619417000000001	0.6886665907965986	0.6942792646143752	0.6942784587624912	10
1	4	seq	Seahorse Valley	1024	0.10000000000000009	0.09999999999999999	1.9579845000000002	1.9619453000000004	1.9619417000000001	0.6886665907965986	0.6942792646143752	0.6942784587624912	10
0	8	seq	Seahorse Valley	1024	0.10000000000000009	0.09999999999999999	2.1399057	2.1421642000000003	2.1421607	0.43627744418644865	0.43718688662437155	0.4371857703446234	10
1	8	seq	Seahorse Valley	1024	0.10000000000000009	0.09999999999999999	2.1399057	2.1421642000000003	2.1421607	0.43627744418644865	0.43718688662437155	0.4371857703446234	10
0	16	seq	Seahorse Valley	1024	0.10000000000000009	0.09999999999999999	2.1542063	2.1560837	2.1560799	0.4802788789438329	0.4774127303724595	0.4774129924575439	10
1	16	seq	Seahorse Valley	1024	0.10000000000000009	0.09999999999999999	2.1542063	2.1560837	2.1560799	0.4802788789438329	0.4774127303724595	0.4774129924575439	10
0	32	seq	Seahorse Valley	1024	0.10000000000000009	0.09999999999999999	1.9775846000000001	1.9782368	1.9782329	0.5473306920308177	0.5462935165708824	0.5462924246301819	10
1	32	seq	Seahorse Valley	1024	0.10000000000000009	0.09999999999999999	1.9775846000000001	1.9782368	1.9782329	0.5473306920308177	0.5462935165708824	0.5462924246301819	10
0	1	seq	Seahorse Valley	2048	0.10000000000000009	0.10000000000000002	8.23559195	8.24525835	8.24525635	1.8494112520058266	1.8504386785914402	1.8504387173779224	10
1	1	seq	Seahorse Valley	2048	0.10000000000000009	0.10000000000000002	8.23559195	8.24525835	8.24525635	1.8494112520058266	1.8504386785914402	1.8504387173779224	10
0	2	seq	Seahorse Valley	2048	0.10000000000000009	0.09999999999999999	7.6253715	7.6282865	7.628283000000001	2.282557501389347	2.283704513447359	2.2837043985352246	10
1	2	seq	Seahorse Valley	2048	0.10000000000000009	0.09999999999999999	7.6253715	7.6282865	7.628283000000001	2.282557501389347	2.283704513447359	2.2837043985352246	10
0	4	seq	Seahorse Valley	2048	0.10000000000000009	0.09999999999999999	8.905183599999999	8.908881400000002	8.908878	0.5415256901872239	0.5442172553038797	0.5442173079336498	10
1	4	seq	Seahorse Valley	2048	0.10000000000000009	0.09999999999999999	8.905183599999999	8.908881400000002	8.908878	0.5415256901872239	0.5442172553038797	0.5442173079336498	10
0	8	seq	Seahorse Valley	2048	0.10000000000000009	0.09999999999999999	7.967732000000001	7.9734848	7.973481300000001	2.197087370015773	2.2013995095542054	2.2013991059881572	10
1	8	seq	Seahorse Valley	2048	0.10000000000000009	0.09999999999999999	7.967732000000001	7.9734848	7.973481300000001	2.197087370015773	2.2013995095542054	2.2013991059881572	10
0	16	seq	Seahorse Valley	2048	0.10000000000000009	0.09999999999999999	8.494355599999999	8.4991419	8.499137399999999	1.6799054072105697	1.6799040850073583	1.6799044492122361	10
1	16	seq	Seahorse Valley	2048	0.10000000000000009	0.09999999999999999	8.494355599999999	8.4991419	8.499137399999999	1.6799054072105697	1.6799040850073583	1.6799044492122361	10
0	32	seq	Seahorse Valley	2048	0.10000000000000009	0.09999999999999999	8.1783633	8.1816992	8.181695399999999	2.1705073176552907	2.1715119249329367	2.171511972454114	10
1	32	seq	Seahorse Valley	2048	0.10000000000000009	0.09999999999999999	8.1783633	8.1816992	8.181695399999999	2.1705073176552907	2.1715119249329367	2.171511972454114	10
0	1	seq	Seahorse Valley	4096	0.10000000000000009	0.10000000000000002	34.56342459999999	34.60794595	34.6079436	9.7469538600195	9.779920982777051	9.779922125951094	10
1	1	seq	Seahorse Valley	4096	0.10000000000000009	0.10000000000000002	34.56342459999999	34.60794595	34.6079436	9.7469538600195	9.779920982777051	9.779922125951094	10
0	2	seq	Seahorse Valley	4096	0.10000000000000009	0.09999999999999999	29.848192500000003	29.849418000000004	29.8494145	8.937951546797025	8.939371212448284	8.939370633353716	10
1	2	seq	Seahorse Valley	4096	0.10000000000000009	0.09999999999999999	29.848192500000003	29.849418000000004	29.8494145	8.937951546797025	8.939371212448284	8.939370633353716	10
0	4	seq	Seahorse Valley	4096	0.10000000000000009	0.09999999999999999	29.154626900000004	29.1599311	29.159927700000004	7.694838823069168	7.693128766749743	7.6931291951085985	10
1	4	seq	Seahorse Valley	4096	0.10000000000000009	0.09999999999999999	29.154626900000004	29.1599311	29.159927700000004	7.694838823069168	7.693128766749743	7.6931291951085985	10
0	8	seq	Seahorse Valley	4096	0.10000000000000009	0.09999999999999999	29.593494100000004	29.6021747	29.602170899999997	5.372050055295308	5.375467926003421	5.375467975912987	10
1	8	seq	Seahorse Valley	4096	0.10000000000000009	0.09999999999999999	29.593494100000004	29.6021747	29.602170899999997	5.372050055295308	5.375467926003421	5.375467975912987	10
0	16	seq	Seahorse Valley	4096	0.10000000000000009	0.09999999999999999	30.306683000000003	30.3129655	30.31296199999999	7.092686952393481	7.096145953050282	7.0961453007696695	10
1	16	seq	Seahorse Valley	4096	0.10000000000000009	0.09999999999999999	30.306683000000003	30.3129655	30.31296199999999	7.092686952393481	7.096145953050282	7.0961453007696695	10
0	32	seq	Seahorse Valley	4096	0.10000000000000009	0.09999999999999999	29.545185600000003	29.5527063	29.552703499999996	6.583739574289611	6.590981924190635	6.590980995723588	10
1	32	seq	Seahorse Valley	4096	0.10000000000000009	0.09999999999999999	29.545185600000003	29.5527063	29.552703499999996	6.583739574289611	6.590981924190635	6.590980995723588	10
0	1	seq	Seahorse Valley	8192	0.10000000000000009	0.10000000000000002	128.42165195	129.72424515	129.72424300000003	19.639482707087218	20.615869813191008	20.61586922317218	10
1	1	seq	Seahorse Valley	8192	0.10000000000000009	0.10000000000000002	128.42165195	129.72424515	129.72424300000003	19.639482707087218	20.615869813191008	20.61586922317218	10
0	2	seq	Seahorse Valley	8192	0.10000000000000009	0.09999999999999999	124.41377	124.43033460000001	124.43033100000002	25.90420874656231	25.899238820866483	25.899238091331515	10
1	2	seq	Seahorse Valley	8192	0.10000000000000009	0.09999999999999999	124.41377	124.43033460000001	124.43033100000002	25.90420874656231	25.899238820866483	25.899238091331515	10
0	4	seq	Seahorse Valley	8192	0.10000000000000009	0.09999999999999999	111.7992328	111.8317183	111.8317153	17.807170814434425	17.787656930540567	17.787656734774718	10
1	4	seq	Seahorse Valley	8192	0.10000000000000009	0.09999999999999999	111.7992328	111.8317183	111.8317153	17.807170814434425	17.787656930540567	17.787656734774718	10
0	8	seq	Seahorse Valley	8192	0.10000000000000009	0.09999999999999999	123.1045236	123.13749870000001	123.13749519999999	15.720717821431093	15.756767197238588	15.75676704380682	10
1	8	seq	Seahorse Valley	8192	0.10000000000000009	0.09999999999999999	123.1045236	123.13749870000001	123.13749519999999	15.720717821431093	15.756767197238588	15.75676704380682	10
0	16	seq	Seahorse Valley	8192	0.10000000000000009	0.09999999999999999	118.414084	118.4550334	118.45502979999999	16.973670129292234	16.950848145503823	16.950846904827667	10
1	16	seq	Seahorse Valley	8192	0.10000000000000009	0.09999999999999999	118.414084	118.4550334	118.45502979999999	16.973670129292234	16.950848145503823	16.950846904827667	10
0	32	seq	Seahorse Valley	8192	0.10000000000000009	0.09999999999999999	120.1822314	120.21534720000002	120.21534400000003	22.972273482689037	22.954589944206266	22.954589091616505	10
1	32	seq	Seahorse Valley	8192	0.10000000000000009	0.09999999999999999	120.1822314	120.21534720000002	120.21534400000003	22.972273482689037	22.954589944206266	22.954589091616505	10
0	1	seq	Elephant Valley	16	0.20000000000000004	0.20000000000000004	0.003346450000000001	0.0033416500000000003	0.00334055	0.02433005737132648	0.024330454290103692	0.024330500354826375	10
1	1	seq	Elephant Valley	16	0.20000000000000004	0.20000000000000004	0.003346450000000001	0.0033416500000000003	0.00334055	0.02433005737132648	0.024330454290103692	0.024330500354826375	10
0	2	seq	Elephant Valley	16	0.19999999999999998	0.19999999999999998	0.0004943	0.0004885	0.0004875	0.00015598406875917383	0.0001543284799812832	0.0001538964075820702	10
1	2	seq	Elephant Valley	16	0.19999999999999998	0.19999999999999998	0.0004943	0.0004885	0.0004875	0.00015598406875917383	0.0001543284799812832	0.0001538964075820702	10
0	4	seq	Elephant Valley	16	0.19999999999999998	0.19999999999999998	0.0005068000000000001	0.0005015000000000001	0.0005003000000000001	0.0001548490967791977	0.00015353819850447644	0.00015371546360438534	10
1	4	seq	Elephant Valley	16	0.19999999999999998	0.19999999999999998	0.0005068000000000001	0.0005015000000000001	0.0005003000000000001	0.0001548490967791977	0.00015353819850447644	0.00015371546360438534	10
0	8	seq	Elephant Valley	16	0.19999999999999998	0.19999999999999998	0.00044379999999999995	0.0004392	0.0004382	0.00016357828032949714	0.0001626650434891693	0.00016217096800050934	10
1	8	seq	Elephant Valley	16	0.19999999999999998	0.19999999999999998	0.00044379999999999995	0.0004392	0.0004382	0.00016357828032949714	0.0001626650434891693	0.00016217096800050934	10
0	16	seq	Elephant Valley	16	0.19999999999999998	0.19999999999999998	0.0004763	0.0004711	0.0004697	0.00016981652849799725	0.00016855101009618554	0.00016853480173410935	10
1	16	seq	Elephant Valley	16	0.19999999999999998	0.19999999999999998	0.0004763	0.0004711	0.0004697	0.00016981652849799725	0.00016855101009618554	0.00016853480173410935	10
0	32	seq	Elephant Valley	16	0.19999999999999998	0.19999999999999998	0.0004917000000000001	0.00048639999999999995	0.00048559999999999993	0.00016886878435308552	0.0001671083121278598	0.00016747062967710025	10
1	32	seq	Elephant Valley	16	0.19999999999999998	0.19999999999999998	0.0004917000000000001	0.00048639999999999995	0.00048559999999999993	0.00016886878435308552	0.0001671083121278598	0.00016747062967710025	10
0	1	seq	Elephant Valley	32	0.20000000000000004	0.20000000000000004	0.00215445	0.002151	0.0021498500000000005	0.0005851754494220651	0.0005854032837553773	0.0005858860278281182	10
1	1	seq	Elephant Valley	32	0.20000000000000004	0.20000000000000004	0.00215445	0.002151	0.0021498500000000005	0.0005851754494220651	0.0005854032837553773	0.0005858860278281182	10
0	2	seq	Elephant Valley	32	0.19999999999999998	0.19999999999999998	0.0018996000000000002	0.0018939999999999999	0.0018928999999999999	0.0006347315409980646	0.0006328416131843558	0.0006331163739120603	10
1	2	seq	Elephant Valley	32	0.19999999999999998	0.19999999999999998	0.0018996000000000002	0.0018939999999999999	0.0018928999999999999	0.0006347315409980646	0.0006328416131843558	0.0006331163739120603	10
0	4	seq	Elephant Valley	32	0.19999999999999998	0.19999999999999998	0.0021571	0.0021498999999999997	0.0021487	2.0915852148815526e-5	2.4242980748157765e-5	2.4620353278447415e-5	10
1	4	seq	Elephant Valley	32	0.19999999999999998	0.19999999999999998	0.0021571	0.0021498999999999997	0.0021487	2.0915852148815526e-5	2.4242980748157765e-5	2.4620353278447415e-5	10
0	8	seq	Elephant Valley	32	0.19999999999999998	0.19999999999999998	0.0019146000000000002	0.0019089000000000003	0.0019079	0.0005245116901821901	0.0005246648645288829	0.0005242799111416216	10
1	8	seq	Elephant Valley	32	0.19999999999999998	0.19999999999999998	0.0019146000000000002	0.0019089000000000003	0.0019079	0.0005245116901821901	0.0005246648645288829	0.0005242799111416216	10
0	16	seq	Elephant Valley	32	0.19999999999999998	0.19999999999999998	0.001719	0.0017142000000000001	0.0017133000000000003	0.0004977576834833057	0.000495869067951522	0.0004958520668461064	10
1	16	seq	Elephant Valley	32	0.19999999999999998	0.19999999999999998	0.001719	0.0017142000000000001	0.0017133000000000003	0.0004977576834833057	0.000495869067951522	0.0004958520668461064	10
0	32	seq	Elephant Valley	32	0.19999999999999998	0.19999999999999998	0.0018076000000000001	0.0018040999999999999	0.0018031000000000002	0.0006394175703143186	0.0006421462079135698	0.0006412728427328467	10
1	32	seq	Elephant Valley	32	0.19999999999999998	0.19999999999999998	0.0018076000000000001	0.0018040999999999999	0.0018031000000000002	0.0006394175703143186	0.0006421462079135698	0.0006412728427328467	10
0	1	seq	Elephant Valley	64	0.20000000000000004	0.20000000000000004	0.008762500000000001	0.008755649999999999	0.008754399999999999	0.0014999783817389537	0.0014994386702271727	0.0014995291643024767	10
1	1	seq	Elephant Valley	64	0.20000000000000004	0.20000000000000004	0.008762500000000001	0.008755649999999999	0.008754399999999999	0.0014999783817389537	0.0014994386702271727	0.0014995291643024767	10
0	2	seq	Elephant Valley	64	0.19999999999999998	0.19999999999999998	0.0084459	0.0084396	0.0084384	7.141653577584274e-5	7.139112973223221e-5	7.166563397705571e-5	10
1	2	seq	Elephant Valley	64	0.19999999999999998	0.19999999999999998	0.0084459	0.0084396	0.0084384	7.141653577584274e-5	7.139112973223221e-5	7.166563397705571e-5	10
0	4	seq	Elephant Valley	64	0.19999999999999998	0.19999999999999998	0.008455399999999998	0.008450800000000001	0.008449300000000002	6.956205402372734e-5	7.09990292265403e-5	7.065702588325243e-5	10
1	4	seq	Elephant Valley	64	0.19999999999999998	0.19999999999999998	0.008455399999999998	0.008450800000000001	0.008449300000000002	6.956205402372734e-5	7.09990292265403e-5	7.065702588325243e-5	10
0	8	seq	Elephant Valley	64	0.19999999999999998	0.19999999999999998	0.008452600000000001	0.0084447	0.0084434	7.011213418517543e-5	6.851626000041485e-5	6.856078879359551e-5	10
1	8	seq	Elephant Valley	64	0.19999999999999998	0.19999999999999998	0.008452600000000001	0.0084447	0.0084434	7.011213418517543e-5	6.851626000041485e-5	6.856078879359551e-5	10
0	16	seq	Elephant Valley	64	0.19999999999999998	0.19999999999999998	0.0084429	0.0084365	0.0084353	0.00012218014597761357	0.00012180856419444036	0.00012172723905884418	10
1	16	seq	Elephant Valley	64	0.19999999999999998	0.19999999999999998	0.0084429	0.0084365	0.0084353	0.00012218014597761357	0.00012180856419444036	0.00012172723905884418	10
0	32	seq	Elephant Valley	64	0.19999999999999998	0.19999999999999998	0.008433800000000002	0.008432499999999999	0.0084313	7.571228533805467e-5	0.00010431771512494419	0.00010394387553974612	10
1	32	seq	Elephant Valley	64	0.19999999999999998	0.19999999999999998	0.008433800000000002	0.008432499999999999	0.0084313	7.571228533805467e-5	0.00010431771512494419	0.00010394387553974612	10
0	1	seq	Elephant Valley	128	0.20000000000000004	0.20000000000000004	0.033598	0.03360375	0.03360245	0.0073029447173329366	0.007331994771007697	0.007331836828660404	10
1	1	seq	Elephant Valley	128	0.20000000000000004	0.20000000000000004	0.033598	0.03360375	0.03360245	0.0073029447173329366	0.007331994771007697	0.007331836828660404	10
0	2	seq	Elephant Valley	128	0.19999999999999998	0.19999999999999998	0.031056000000000007	0.0314749	0.03147369999999999	0.008861971607748095	0.007983289431249084	0.007983565402980187	10
1	2	seq	Elephant Valley	128	0.19999999999999998	0.19999999999999998	0.031056000000000007	0.0314749	0.03147369999999999	0.008861971607748095	0.007983289431249084	0.007983565402980187	10
0	4	seq	Elephant Valley	128	0.19999999999999998	0.19999999999999998	0.0338359	0.0338572	0.0338558	0.0005195002092011122	0.0005254366466261916	0.0005250864021346068	10
1	4	seq	Elephant Valley	128	0.19999999999999998	0.19999999999999998	0.0338359	0.0338572	0.0338558	0.0005195002092011122	0.0005254366466261916	0.0005250864021346068	10
0	8	seq	Elephant Valley	128	0.19999999999999998	0.19999999999999998	0.03178650000000001	0.0317759	0.0317746	0.008038506085381234	0.008036341343482118	0.008036026356379542	10
1	8	seq	Elephant Valley	128	0.19999999999999998	0.19999999999999998	0.03178650000000001	0.0317759	0.0317746	0.008038506085381234	0.008036341343482118	0.008036026356379542	10
0	16	seq	Elephant Valley	128	0.19999999999999998	0.19999999999999998	0.033677900000000004	0.033678200000000005	0.0336766	0.0001556290192305641	0.0001385707524696306	0.0001382574361431903	10
1	16	seq	Elephant Valley	128	0.19999999999999998	0.19999999999999998	0.033677900000000004	0.033678200000000005	0.0336766	0.0001556290192305641	0.0001385707524696306	0.0001382574361431903	10
0	32	seq	Elephant Valley	128	0.19999999999999998	0.19999999999999998	0.030810399999999995	0.0308	0.030798600000000002	0.009311278895832852	0.00930981468072867	0.009309731794780009	10
1	32	seq	Elephant Valley	128	0.19999999999999998	0.19999999999999998	0.030810399999999995	0.0308	0.030798600000000002	0.009311278895832852	0.00930981468072867	0.009309731794780009	10
0	1	seq	Elephant Valley	256	0.20000000000000004	0.20000000000000004	0.13268494999999997	0.13394599999999998	0.13394464999999997	0.03559946128001489	0.03720487530714164	0.03720513471217994	10
1	1	seq	Elephant Valley	256	0.20000000000000004	0.20000000000000004	0.13268494999999997	0.13394599999999998	0.13394464999999997	0.03559946128001489	0.03720487530714164	0.03720513471217994	10
0	2	seq	Elephant Valley	256	0.19999999999999998	0.19999999999999998	0.1340535	0.1345444	0.1345429	0.002322733924877705	0.0009192393963513742	0.0009194790833364999	10
1	2	seq	Elephant Valley	256	0.19999999999999998	0.19999999999999998	0.1340535	0.1345444	0.1345429	0.002322733924877705	0.0009192393963513742	0.0009194790833364999	10
0	4	seq	Elephant Valley	256	0.19999999999999998	0.19999999999999998	0.1344563	0.13455309999999998	0.13455199999999998	0.0012310013843191139	0.0007415793530507069	0.0007417897295355595	10
1	4	seq	Elephant Valley	256	0.19999999999999998	0.19999999999999998	0.1344563	0.13455309999999998	0.13455199999999998	0.0012310013843191139	0.0007415793530507069	0.0007417897295355595	10
0	8	seq	Elephant Valley	256	0.19999999999999998	0.19999999999999998	0.12709779999999998	0.12718669999999999	0.1271853	0.031184024010861282	0.03128920888036527	0.031288286223737256	10
1	8	seq	Elephant Valley	256	0.19999999999999998	0.19999999999999998	0.12709779999999998	0.12718669999999999	0.1271853	0.031184024010861282	0.03128920888036527	0.031288286223737256	10
0	16	seq	Elephant Valley	256	0.19999999999999998	0.19999999999999998	0.12320509999999998	0.12319849999999999	0.12319709999999999	0.035636788277975145	0.035639291357689916	0.03563876250885362	10
1	16	seq	Elephant Valley	256	0.19999999999999998	0.19999999999999998	0.12320509999999998	0.12319849999999999	0.12319709999999999	0.035636788277975145	0.035639291357689916	0.03563876250885362	10
0	32	seq	Elephant Valley	256	0.19999999999999998	0.19999999999999998	0.13070210000000002	0.13103530000000002	0.13103369999999998	0.02531719808579457	0.025653147385861424	0.025653363576351194	10
1	32	seq	Elephant Valley	256	0.19999999999999998	0.19999999999999998	0.13070210000000002	0.13103530000000002	0.13103369999999998	0.02531719808579457	0.025653147385861424	0.025653363576351194	10
0	1	seq	Elephant Valley	512	0.20000000000000004	0.20000000000000004	0.5245022	0.5246589	0.5246567	0.12918921495672964	0.12925005734435144	0.12925018093746138	10
1	1	seq	Elephant Valley	512	0.20000000000000004	0.20000000000000004	0.5245022	0.5246589	0.5246567	0.12918921495672964	0.12925005734435144	0.12925018093746138	10
0	2	seq	Elephant Valley	512	0.19999999999999998	0.19999999999999998	0.5225682999999999	0.5250290000000001	0.5250256	0.05416152764684884	0.051466760616950505	0.05146675802271409	10
1	2	seq	Elephant Valley	512	0.19999999999999998	0.19999999999999998	0.5225682999999999	0.5250290000000001	0.5250256	0.05416152764684884	0.051466760616950505	0.05146675802271409	10
0	4	seq	Elephant Valley	512	0.19999999999999998	0.19999999999999998	0.48780520000000005	0.48792930000000007	0.48792660000000004	0.13776751754265676	0.1376361930900639	0.1376352590803572	10
1	4	seq	Elephant Valley	512	0.19999999999999998	0.19999999999999998	0.48780520000000005	0.48792930000000007	0.48792660000000004	0.13776751754265676	0.1376361930900639	0.1376352590803572	10
0	8	seq	Elephant Valley	512	0.19999999999999998	0.19999999999999998	0.4939356000000001	0.4946284	0.49462519999999993	0.13198529581353785	0.1328699682259028	0.13286924150750226	10
1	8	seq	Elephant Valley	512	0.19999999999999998	0.19999999999999998	0.4939356000000001	0.4946284	0.49462519999999993	0.13198529581353785	0.1328699682259028	0.13286924150750226	10
0	16	seq	Elephant Valley	512	0.19999999999999998	0.19999999999999998	0.47657689999999997	0.4780999	0.4780972	0.14287356051837588	0.14213603850673256	0.14213574566613366	10
1	16	seq	Elephant Valley	512	0.19999999999999998	0.19999999999999998	0.47657689999999997	0.4780999	0.4780972	0.14287356051837588	0.14213603850673256	0.14213574566613366	10
0	32	seq	Elephant Valley	512	0.19999999999999998	0.19999999999999998	0.4995413999999999	0.5006401	0.5006366	0.1195517932097608	0.12020572266966914	0.12020570171462688	10
1	32	seq	Elephant Valley	512	0.19999999999999998	0.19999999999999998	0.4995413999999999	0.5006401	0.5006366	0.1195517932097608	0.12020572266966914	0.12020570171462688	10
0	1	seq	Elephant Valley	1024	0.20000000000000004	0.20000000000000004	1.7831443	1.7857968499999999	1.7857944499999998	0.5307867048122829	0.5297945877680916	0.5297946338096753	10
1	1	seq	Elephant Valley	1024	0.20000000000000004	0.20000000000000004	1.7831443	1.7857968499999999	1.7857944499999998	0.5307867048122829	0.5297945877680916	0.5297946338096753	10
0	2	seq	Elephant Valley	1024	0.19999999999999998	0.19999999999999998	2.0684982	2.0712859	2.0712829000000004	0.2661281846155534	0.2597456504501062	0.25974467034277215	10
1	2	seq	Elephant Valley	1024	0.19999999999999998	0.19999999999999998	2.0684982	2.0712859	2.0712829000000004	0.2661281846155534	0.2597456504501062	0.25974467034277215	10
0	4	seq	Elephant Valley	1024	0.19999999999999998	0.19999999999999998	2.0119131	2.0150794000000003	2.0150759	0.26747072534836125	0.26684025962669244	0.2668400658883974	10
1	4	seq	Elephant Valley	1024	0.19999999999999998	0.19999999999999998	2.0119131	2.0150794000000003	2.0150759	0.26747072534836125	0.26684025962669244	0.2668400658883974	10
0	8	seq	Elephant Valley	1024	0.19999999999999998	0.19999999999999998	1.8545672000000004	1.8587302	1.8587269	0.5000445432578404	0.5013155434703666	0.5013149017251448	10
1	8	seq	Elephant Valley	1024	0.19999999999999998	0.19999999999999998	1.8545672000000004	1.8587302	1.8587269	0.5000445432578404	0.5013155434703666	0.5013149017251448	10
0	16	seq	Elephant Valley	1024	0.19999999999999998	0.19999999999999998	1.8551729	1.8577398999999999	1.8577370000000002	0.6132309876170423	0.6134468964883624	0.6134474107376204	10
1	16	seq	Elephant Valley	1024	0.19999999999999998	0.19999999999999998	1.8551729	1.8577398999999999	1.8577370000000002	0.6132309876170423	0.6134468964883624	0.6134474107376204	10
0	32	seq	Elephant Valley	1024	0.19999999999999998	0.19999999999999998	1.9126063000000002	1.9139167999999998	1.9139133999999998	0.5751727663145983	0.5748826680697335	0.5748818398816027	10
1	32	seq	Elephant Valley	1024	0.19999999999999998	0.19999999999999998	1.9126063000000002	1.9139167999999998	1.9139133999999998	0.5751727663145983	0.5748826680697335	0.5748818398816027	10
0	1	seq	Elephant Valley	2048	0.20000000000000004	0.20000000000000004	7.5163776	7.52562345	7.5256213	2.402463344003255	2.405389475956405	2.405390412617778	10
1	1	seq	Elephant Valley	2048	0.20000000000000004	0.20000000000000004	7.5163776	7.52562345	7.5256213	2.402463344003255	2.405389475956405	2.405390412617778	10
0	2	seq	Elephant Valley	2048	0.19999999999999998	0.19999999999999998	6.7985615	6.8034698	6.803466299999999	1.8645086898742491	1.860455641899818	1.8604549563097403	10
1	2	seq	Elephant Valley	2048	0.19999999999999998	0.19999999999999998	6.7985615	6.8034698	6.803466299999999	1.8645086898742491	1.860455641899818	1.8604549563097403	10
0	4	seq	Elephant Valley	2048	0.19999999999999998	0.19999999999999998	7.607181	7.6153036	7.615299899999999	1.9923472226047971	1.9979382799274459	1.9979381762771484	10
1	4	seq	Elephant Valley	2048	0.19999999999999998	0.19999999999999998	7.607181	7.6153036	7.615299899999999	1.9923472226047971	1.9979382799274459	1.9979381762771484	10
0	8	seq	Elephant Valley	2048	0.19999999999999998	0.19999999999999998	6.7810096	6.784348200000001	6.784344900000001	1.4386768899255153	1.4381109435620676	1.438111864468656	10
1	8	seq	Elephant Valley	2048	0.19999999999999998	0.19999999999999998	6.7810096	6.784348200000001	6.784344900000001	1.4386768899255153	1.4381109435620676	1.438111864468656	10
0	16	seq	Elephant Valley	2048	0.19999999999999998	0.19999999999999998	7.3526421	7.3573375	7.357334100000001	2.247343675748801	2.245525673587332	2.2455251997015004	10
1	16	seq	Elephant Valley	2048	0.19999999999999998	0.19999999999999998	7.3526421	7.3573375	7.357334100000001	2.247343675748801	2.245525673587332	2.2455251997015004	10
0	32	seq	Elephant Valley	2048	0.19999999999999998	0.19999999999999998	7.814670400000002	7.8200664	7.8200631000000005	1.6486635455798047	1.6443730754674108	1.6443733684263038	10
1	32	seq	Elephant Valley	2048	0.19999999999999998	0.19999999999999998	7.814670400000002	7.8200664	7.8200631000000005	1.6486635455798047	1.6443730754674108	1.6443733684263038	10
0	1	seq	Elephant Valley	4096	0.20000000000000004	0.20000000000000004	29.077798650000005	29.12301555	29.123013150000002	6.579672291272159	6.573158093084285	6.57315821550529	10
1	1	seq	Elephant Valley	4096	0.20000000000000004	0.20000000000000004	29.077798650000005	29.12301555	29.123013150000002	6.579672291272159	6.573158093084285	6.57315821550529	10
0	2	seq	Elephant Valley	4096	0.19999999999999998	0.19999999999999998	29.690482600000003	29.699035099999996	29.699031699999995	7.618167637985173	7.6113315694260235	7.611331131757773	10
1	2	seq	Elephant Valley	4096	0.19999999999999998	0.19999999999999998	29.690482600000003	29.699035099999996	29.699031699999995	7.618167637985173	7.6113315694260235	7.611331131757773	10
0	4	seq	Elephant Valley	4096	0.19999999999999998	0.19999999999999998	29.714111499999994	29.720469100000003	29.720465	5.793229619669291	5.794325320770948	5.7943242897374105	10
1	4	seq	Elephant Valley	4096	0.19999999999999998	0.19999999999999998	29.714111499999994	29.720469100000003	29.720465	5.793229619669291	5.794325320770948	5.7943242897374105	10
0	8	seq	Elephant Valley	4096	0.19999999999999998	0.19999999999999998	26.9223972	26.9391552	26.9391525	5.168163691331049	5.153570706198019	5.153571330402844	10
1	8	seq	Elephant Valley	4096	0.19999999999999998	0.19999999999999998	26.9223972	26.9391552	26.9391525	5.168163691331049	5.153570706198019	5.153571330402844	10
0	16	seq	Elephant Valley	4096	0.19999999999999998	0.19999999999999998	28.371877500000004	28.3784515	28.378447799999996	5.549564247065287	5.551127062698306	5.551125875101754	10
1	16	seq	Elephant Valley	4096	0.19999999999999998	0.19999999999999998	28.371877500000004	28.3784515	28.378447799999996	5.549564247065287	5.551127062698306	5.551125875101754	10
0	32	seq	Elephant Valley	4096	0.19999999999999998	0.19999999999999998	27.584688900000003	27.587535100000004	27.5875316	5.156363896227502	5.155730402263118	5.15572992334655	10
1	32	seq	Elephant Valley	4096	0.19999999999999998	0.19999999999999998	27.584688900000003	27.587535100000004	27.5875316	5.156363896227502	5.155730402263118	5.15572992334655	10
0	1	seq	Elephant Valley	8192	0.20000000000000004	0.20000000000000004	124.5329424	125.0889428	125.0889404	25.150472490326344	25.81757314518426	25.817574524718317	10
1	1	seq	Elephant Valley	8192	0.20000000000000004	0.20000000000000004	124.5329424	125.0889428	125.0889404	25.150472490326344	25.81757314518426	25.817574524718317	10
0	2	seq	Elephant Valley	8192	0.19999999999999998	0.19999999999999998	113.318634	113.73435520000001	113.73435190000001	23.427128440002193	23.805061010116194	23.805059871874246	10
1	2	seq	Elephant Valley	8192	0.19999999999999998	0.19999999999999998	113.318634	113.73435520000001	113.73435190000001	23.427128440002193	23.805061010116194	23.805059871874246	10
0	4	seq	Elephant Valley	8192	0.19999999999999998	0.19999999999999998	114.1986444	114.24378689999999	114.24378340000001	22.433737362612852	22.36985271607501	22.369850881208176	10
1	4	seq	Elephant Valley	8192	0.19999999999999998	0.19999999999999998	114.1986444	114.24378689999999	114.24378340000001	22.433737362612852	22.36985271607501	22.369850881208176	10
0	8	seq	Elephant Valley	8192	0.19999999999999998	0.19999999999999998	116.80147969999999	117.46727070000001	117.46726779999999	17.91630841606645	17.790611378762545	17.790610667151494	10
1	8	seq	Elephant Valley	8192	0.19999999999999998	0.19999999999999998	116.80147969999999	117.46727070000001	117.46726779999999	17.91630841606645	17.790611378762545	17.790610667151494	10
0	16	seq	Elephant Valley	8192	0.19999999999999998	0.19999999999999998	121.84776059999999	122.64671580000001	122.64671210000002	12.371003936769165	12.388400265366066	12.388399485690448	10
1	16	seq	Elephant Valley	8192	0.19999999999999998	0.19999999999999998	121.84776059999999	122.64671580000001	122.64671210000002	12.371003936769165	12.388400265366066	12.388399485690448	10
0	32	seq	Elephant Valley	8192	0.19999999999999998	0.19999999999999998	110.82040120000002	110.95339589999999	110.9533927	21.273078507172713	21.50150662856546	21.50150613922717	10
1	32	seq	Elephant Valley	8192	0.19999999999999998	0.19999999999999998	110.82040120000002	110.95339589999999	110.9533927	21.273078507172713	21.50150662856546	21.50150613922717	10
0	1	seq	Triple Spiral Valley	16	0.17600000000000005	0.20000000000000004	0.0036445000000000006	0.003638750000000001	0.00363785	0.02665833126268547	0.02665635641478051	0.02665631203013579	10
1	1	seq	Triple Spiral Valley	16	0.17600000000000005	0.20000000000000004	0.0036445000000000006	0.003638750000000001	0.00363785	0.02665833126268547	0.02665635641478051	0.02665631203013579	10
0	2	seq	Triple Spiral Valley	16	0.17599999999999996	0.19999999999999996	0.0005318999999999999	0.0005266	0.0005256999999999999	0.00018600263458110243	0.00018314367906707075	0.00018296378079949167	10
1	2	seq	Triple Spiral Valley	16	0.17599999999999996	0.19999999999999996	0.0005318999999999999	0.0005266	0.0005256999999999999	0.00018600263458110243	0.00018314367906707075	0.00018296378079949167	10
0	4	seq	Triple Spiral Valley	16	0.17599999999999996	0.19999999999999996	0.0005330999999999999	0.0005281	0.0005267	0.00018947669168880205	0.00018727649287142857	0.00018672319244152706	10
1	4	seq	Triple Spiral Valley	16	0.17599999999999996	0.19999999999999996	0.0005330999999999999	0.0005281	0.0005267	0.00018947669168880205	0.00018727649287142857	0.00018672319244152706	10
0	8	seq	Triple Spiral Valley	16	0.17599999999999996	0.19999999999999996	0.0005156999999999999	0.0005101	0.0005093000000000001	0.00019048459656593992	0.00018625489483202552	0.00018641204066976644	10
1	8	seq	Triple Spiral Valley	16	0.17599999999999996	0.19999999999999996	0.0005156999999999999	0.0005101	0.0005093000000000001	0.00019048459656593992	0.00018625489483202552	0.00018641204066976644	10
0	16	seq	Triple Spiral Valley	16	0.17599999999999996	0.19999999999999996	0.0005524999999999999	0.0005468	0.0005454999999999999	0.00019523902273879573	0.00019501928866425268	0.00019482538027680067	10
1	16	seq	Triple Spiral Valley	16	0.17599999999999996	0.19999999999999996	0.0005524999999999999	0.0005468	0.0005454999999999999	0.00019523902273879573	0.00019501928866425268	0.00019482538027680067	10
0	32	seq	Triple Spiral Valley	16	0.17599999999999996	0.19999999999999996	0.0005673	0.0005618	0.0005606	0.00018200710516045492	0.00018110607406219764	0.0001807673099257102	10
1	32	seq	Triple Spiral Valley	16	0.17599999999999996	0.19999999999999996	0.0005673	0.0005618	0.0005606	0.00018200710516045492	0.00018110607406219764	0.0001807673099257102	10
0	1	seq	Triple Spiral Valley	32	0.17600000000000005	0.20000000000000004	0.00235425	0.0023512	0.0023501000000000004	0.000912146064192053	0.0009161899343970803	0.0009158496409713597	10
1	1	seq	Triple Spiral Valley	32	0.17600000000000005	0.20000000000000004	0.00235425	0.0023512	0.0023501000000000004	0.000912146064192053	0.0009161899343970803	0.0009158496409713597	10
0	2	seq	Triple Spiral Valley	32	0.17599999999999996	0.19999999999999996	0.0021628999999999997	0.0021577	0.0021567	0.0007556202920515039	0.0007547863891017997	0.0007547863891017996	10
1	2	seq	Triple Spiral Valley	32	0.17599999999999996	0.19999999999999996	0.0021628999999999997	0.0021577	0.0021567	0.0007556202920515039	0.0007547863891017997	0.0007547863891017996	10
0	4	seq	Triple Spiral Valley	32	0.17599999999999996	0.19999999999999996	0.0021547999999999997	0.0021495999999999998	0.0021486	0.0007625963472943381	0.0007613580131901737	0.0007609430297145189	10
1	4	seq	Triple Spiral Valley	32	0.17599999999999996	0.19999999999999996	0.0021547999999999997	0.0021495999999999998	0.0021486	0.0007625963472943381	0.0007613580131901737	0.0007609430297145189	10
0	8	seq	Triple Spiral Valley	32	0.17599999999999996	0.19999999999999996	0.0021536	0.0021483	0.0021471999999999997	0.0007576521627472303	0.0007574554338309284	0.0007568374183373572	10
1	8	seq	Triple Spiral Valley	32	0.17599999999999996	0.19999999999999996	0.0021536	0.0021483	0.0021471999999999997	0.0007576521627472303	0.0007574554338309284	0.0007568374183373572	10
0	16	seq	Triple Spiral Valley	32	0.17599999999999996	0.19999999999999996	0.002526	0.0025205	0.0025194	2.2801239732377132e-5	2.2973749270755742e-5	2.3084033539319903e-5	10
1	16	seq	Triple Spiral Valley	32	0.17599999999999996	0.19999999999999996	0.002526	0.0025205	0.0025194	2.2801239732377132e-5	2.2973749270755742e-5	2.3084033539319903e-5	10
0	32	seq	Triple Spiral Valley	32	0.17599999999999996	0.19999999999999996	0.0025209000000000004	0.002515	0.0025138000000000005	2.665808161806764e-5	2.682647448572637e-5	2.671166736340755e-5	10
1	32	seq	Triple Spiral Valley	32	0.17599999999999996	0.19999999999999996	0.0025209000000000004	0.002515	0.0025138000000000005	2.665808161806764e-5	2.682647448572637e-5	2.671166736340755e-5	10
0	1	seq	Triple Spiral Valley	64	0.17600000000000005	0.20000000000000004	0.009521949999999998	0.00951505	0.009513949999999998	0.0026644615669203773	0.002662814303337532	0.002663202660777947	10
1	1	seq	Triple Spiral Valley	64	0.17600000000000005	0.20000000000000004	0.009521949999999998	0.00951505	0.009513949999999998	0.0026644615669203773	0.002662814303337532	0.002663202660777947	10
0	2	seq	Triple Spiral Valley	64	0.17599999999999996	0.19999999999999996	0.0071888	0.0071823999999999985	0.007181499999999999	0.00019870099819689968	0.0001993773812647762	0.0001986160197186742	10
1	2	seq	Triple Spiral Valley	64	0.17599999999999996	0.19999999999999996	0.0071888	0.0071823999999999985	0.007181499999999999	0.00019870099819689968	0.0001993773812647762	0.0001986160197186742	10
0	4	seq	Triple Spiral Valley	64	0.17599999999999996	0.19999999999999996	0.007174	0.007165100000000001	0.0071642	3.229872787312569e-5	3.190581946221678e-5	3.173613320981503e-5	10
1	4	seq	Triple Spiral Valley	64	0.17599999999999996	0.19999999999999996	0.007174	0.007165100000000001	0.0071642	3.229872787312569e-5	3.190581946221678e-5	3.173613320981503e-5	10
0	8	seq	Triple Spiral Valley	64	0.17599999999999996	0.19999999999999996	0.007488299999999999	0.007480200000000001	0.0074794	0.0017473587913241452	0.0017461586600484571	0.001746006949223793	10
1	8	seq	Triple Spiral Valley	64	0.17599999999999996	0.19999999999999996	0.007488299999999999	0.007480200000000001	0.0074794	0.0017473587913241452	0.0017461586600484571	0.001746006949223793	10
0	16	seq	Triple Spiral Valley	64	0.17599999999999996	0.19999999999999996	0.0097644	0.009754500000000001	0.0097532	0.0018149805076835153	0.0018136733968630871	0.0018141521609880958	10
1	16	seq	Triple Spiral Valley	64	0.17599999999999996	0.19999999999999996	0.0097644	0.009754500000000001	0.0097532	0.0018149805076835153	0.0018136733968630871	0.0018141521609880958	10
0	32	seq	Triple Spiral Valley	64	0.17599999999999996	0.19999999999999996	0.010055999999999999	0.010045700000000001	0.010044099999999999	9.350202089319341e-5	9.283795402025302e-5	9.295007108956667e-5	10
1	32	seq	Triple Spiral Valley	64	0.17599999999999996	0.19999999999999996	0.010055999999999999	0.010045700000000001	0.010044099999999999	9.350202089319341e-5	9.283795402025302e-5	9.295007108956667e-5	10
0	1	seq	Triple Spiral Valley	128	0.17600000000000005	0.20000000000000004	0.038064100000000003	0.038271150000000004	0.0382699	0.01114243174158014	0.011344825279172507	0.011344539347715132	10
1	1	seq	Triple Spiral Valley	128	0.17600000000000005	0.20000000000000004	0.038064100000000003	0.038271150000000004	0.0382699	0.01114243174158014	0.011344825279172507	0.011344539347715132	10
0	2	seq	Triple Spiral Valley	128	0.17599999999999996	0.19999999999999996	0.034566200000000005	0.034556500000000004	0.034555600000000006	0.011575794211636242	0.011572703673919741	0.011572904170279435	10
1	2	seq	Triple Spiral Valley	128	0.17599999999999996	0.19999999999999996	0.034566200000000005	0.034556500000000004	0.034555600000000006	0.011575794211636242	0.011572703673919741	0.011572904170279435	10
0	4	seq	Triple Spiral Valley	128	0.17599999999999996	0.19999999999999996	0.0346026	0.0345943	0.034593099999999995	0.011754239898819678	0.011757608268230971	0.011758042394139518	10
1	4	seq	Triple Spiral Valley	128	0.17599999999999996	0.19999999999999996	0.0346026	0.0345943	0.034593099999999995	0.011754239898819678	0.011757608268230971	0.011758042394139518	10
0	8	seq	Triple Spiral Valley	128	0.17599999999999996	0.19999999999999996	0.034648200000000004	0.0353069	0.0353059	0.011493204163261774	0.011015610920014277	0.011015610920014277	10
1	8	seq	Triple Spiral Valley	128	0.17599999999999996	0.19999999999999996	0.034648200000000004	0.0353069	0.0353059	0.011493204163261774	0.011015610920014277	0.011015610920014277	10
0	16	seq	Triple Spiral Valley	128	0.17599999999999996	0.19999999999999996	0.04016760000000001	0.040165299999999994	0.040164	0.00023994719582071187	0.0002599413746212789	0.00026039902986677255	10
1	16	seq	Triple Spiral Valley	128	0.17599999999999996	0.19999999999999996	0.04016760000000001	0.040165299999999994	0.040164	0.00023994719582071187	0.0002599413746212789	0.00026039902986677255	10
0	32	seq	Triple Spiral Valley	128	0.17599999999999996	0.19999999999999996	0.039081700000000004	0.039070299999999995	0.0390691	0.007155246120330639	0.0071529241595320835	0.007152834373289764	10
1	32	seq	Triple Spiral Valley	128	0.17599999999999996	0.19999999999999996	0.039081700000000004	0.039070299999999995	0.0390691	0.007155246120330639	0.0071529241595320835	0.007152834373289764	10
0	1	seq	Triple Spiral Valley	256	0.17600000000000005	0.20000000000000004	0.14534205	0.14588689999999999	0.1458854	0.04714014138690268	0.04704163206669626	0.047041594683987185	10
1	1	seq	Triple Spiral Valley	256	0.17600000000000005	0.20000000000000004	0.14534205	0.14588689999999999	0.1458854	0.04714014138690268	0.04704163206669626	0.047041594683987185	10
0	2	seq	Triple Spiral Valley	256	0.17599999999999996	0.19999999999999996	0.1466336	0.1472423	0.1472409	0.04471562104709946	0.045678943303139076	0.04567924104800711	10
1	2	seq	Triple Spiral Valley	256	0.17599999999999996	0.19999999999999996	0.1466336	0.1472423	0.1472409	0.04471562104709946	0.045678943303139076	0.04567924104800711	10
0	4	seq	Triple Spiral Valley	256	0.17599999999999996	0.19999999999999996	0.14201619999999998	0.1420779	0.1420764	0.045592395838260566	0.04571234187602663	0.04571150161096177	10
1	4	seq	Triple Spiral Valley	256	0.17599999999999996	0.19999999999999996	0.14201619999999998	0.1420779	0.1420764	0.045592395838260566	0.04571234187602663	0.04571150161096177	10
0	8	seq	Triple Spiral Valley	256	0.17599999999999996	0.19999999999999996	0.1272421	0.1272324	0.127231	0.04371861822314333	0.04371648003193995	0.04371659604479339	10
1	8	seq	Triple Spiral Valley	256	0.17599999999999996	0.19999999999999996	0.1272421	0.1272324	0.127231	0.04371861822314333	0.04371648003193995	0.04371659604479339	10
0	16	seq	Triple Spiral Valley	256	0.17599999999999996	0.19999999999999996	0.12400150000000001	0.12409440000000001	0.12409290000000002	0.039600305995245375	0.039999893798984346	0.039999361500332634	10
1	16	seq	Triple Spiral Valley	256	0.17599999999999996	0.19999999999999996	0.12400150000000001	0.12409440000000001	0.12409290000000002	0.039600305995245375	0.039999893798984346	0.039999361500332634	10
0	32	seq	Triple Spiral Valley	256	0.17599999999999996	0.19999999999999996	0.1287116	0.12892719999999996	0.1289258	0.041169261660803626	0.04089791445808801	0.04089710589869622	10
1	32	seq	Triple Spiral Valley	256	0.17599999999999996	0.19999999999999996	0.1287116	0.12892719999999996	0.1289258	0.041169261660803626	0.04089791445808801	0.04089710589869622	10
0	1	seq	Triple Spiral Valley	512	0.17600000000000005	0.20000000000000004	0.48232814999999996	0.48467285000000004	0.48467074999999993	0.08498258417748006	0.08418477986667913	0.08418395036745001	10
1	1	seq	Triple Spiral Valley	512	0.17600000000000005	0.20000000000000004	0.48232814999999996	0.48467285000000004	0.48467074999999993	0.08498258417748006	0.08418477986667913	0.08418395036745001	10
0	2	seq	Triple Spiral Valley	512	0.17599999999999996	0.19999999999999996	0.5875923000000001	0.5876032	0.5875996000000001	0.18032377924766432	0.18030643993507872	0.1803056148896309	10
1	2	seq	Triple Spiral Valley	512	0.17599999999999996	0.19999999999999996	0.5875923000000001	0.5876032	0.5875996000000001	0.18032377924766432	0.18030643993507872	0.1803056148896309	10
0	4	seq	Triple Spiral Valley	512	0.17599999999999996	0.19999999999999996	0.6196679999999999	0.6199018	0.6198980000000001	0.08911376708343602	0.0892098205366777	0.08920880379695069	10
1	4	seq	Triple Spiral Valley	512	0.17599999999999996	0.19999999999999996	0.6196679999999999	0.6199018	0.6198980000000001	0.08911376708343602	0.0892098205366777	0.08920880379695069	10
0	8	seq	Triple Spiral Valley	512	0.17599999999999996	0.19999999999999996	0.5895067	0.5895457000000001	0.5895415	0.18564218624831066	0.18568770045092578	0.18568650355113717	10
1	8	seq	Triple Spiral Valley	512	0.17599999999999996	0.19999999999999996	0.5895067	0.5895457000000001	0.5895415	0.18564218624831066	0.18568770045092578	0.18568650355113717	10
0	16	seq	Triple Spiral Valley	512	0.17599999999999996	0.19999999999999996	0.6429035	0.6429018	0.6428974999999999	0.031992114918224644	0.03199817000622823	0.03199731632982989	10
1	16	seq	Triple Spiral Valley	512	0.17599999999999996	0.19999999999999996	0.6429035	0.6429018	0.6428974999999999	0.031992114918224644	0.03199817000622823	0.03199731632982989	10
0	32	seq	Triple Spiral Valley	512	0.17599999999999996	0.19999999999999996	0.5846273999999999	0.5846311	0.5846271000000001	0.19379741039614856	0.1938065124606135	0.19380560432128358	10
1	32	seq	Triple Spiral Valley	512	0.17599999999999996	0.19999999999999996	0.5846273999999999	0.5846311	0.5846271000000001	0.19379741039614856	0.1938065124606135	0.19380560432128358	10
0	1	seq	Triple Spiral Valley	1024	0.17600000000000005	0.20000000000000004	2.3563857	2.3814977000000006	2.381495349999999	0.6563129602414697	0.6784524597288758	0.6784523780487846	10
1	1	seq	Triple Spiral Valley	1024	0.17600000000000005	0.20000000000000004	2.3563857	2.3814977000000006	2.381495349999999	0.6563129602414697	0.6784524597288758	0.6784523780487846	10
0	2	seq	Triple Spiral Valley	1024	0.17599999999999996	0.19999999999999996	2.1483205	2.1579836	2.1579797999999997	0.6335190226573967	0.6273779175608613	0.627376560199079	10
1	2	seq	Triple Spiral Valley	1024	0.17599999999999996	0.19999999999999996	2.1483205	2.1579836	2.1579797999999997	0.6335190226573967	0.6273779175608613	0.627376560199079	10
0	4	seq	Triple Spiral Valley	1024	0.17599999999999996	0.19999999999999996	2.3424188	2.3504227	2.3504190000000005	0.6131734189401109	0.6222928088903068	0.622291988759324	10
1	4	seq	Triple Spiral Valley	1024	0.17599999999999996	0.19999999999999996	2.3424188	2.3504227	2.3504190000000005	0.6131734189401109	0.6222928088903068	0.622291988759324	10
0	8	seq	Triple Spiral Valley	1024	0.17599999999999996	0.19999999999999996	2.4589377	2.4622866	2.4622828	0.4115880327629675	0.41681419864288816	0.41681381881386986	10
1	8	seq	Triple Spiral Valley	1024	0.17599999999999996	0.19999999999999996	2.4589377	2.4622866	2.4622828	0.4115880327629675	0.41681419864288816	0.41681381881386986	10
0	16	seq	Triple Spiral Valley	1024	0.17599999999999996	0.19999999999999996	2.0116807000000003	2.0139581	2.0139547	0.7807352992606372	0.7872034037387114	0.7872022170099828	10
1	16	seq	Triple Spiral Valley	1024	0.17599999999999996	0.19999999999999996	2.0116807000000003	2.0139581	2.0139547	0.7807352992606372	0.7872034037387114	0.7872022170099828	10
0	32	seq	Triple Spiral Valley	1024	0.17599999999999996	0.19999999999999996	2.194269	2.2072833	2.2072795	0.6939615992037131	0.6941212198940384	0.6941205467178156	10
1	32	seq	Triple Spiral Valley	1024	0.17599999999999996	0.19999999999999996	2.194269	2.2072833	2.2072795	0.6939615992037131	0.6941212198940384	0.6941205467178156	10
0	1	seq	Triple Spiral Valley	2048	0.17600000000000005	0.20000000000000004	9.459638949999999	9.79396435	9.79396175	1.8456710506654421	2.114347253804745	2.114348346696967	10
1	1	seq	Triple Spiral Valley	2048	0.17600000000000005	0.20000000000000004	9.459638949999999	9.79396435	9.79396175	1.8456710506654421	2.114347253804745	2.114348346696967	10
0	2	seq	Triple Spiral Valley	2048	0.17599999999999996	0.19999999999999996	9.1483267	9.512249100000002	9.5122449	1.7178734748112416	1.8323183152644464	1.8323184266265633	10
1	2	seq	Triple Spiral Valley	2048	0.17599999999999996	0.19999999999999996	9.1483267	9.512249100000002	9.5122449	1.7178734748112416	1.8323183152644464	1.8323184266265633	10
0	4	seq	Triple Spiral Valley	2048	0.17599999999999996	0.19999999999999996	8.5962348	8.859314800000002	8.8593109	2.496183058769716	2.905221414316868	2.905220730339846	10
1	4	seq	Triple Spiral Valley	2048	0.17599999999999996	0.19999999999999996	8.5962348	8.859314800000002	8.8593109	2.496183058769716	2.905221414316868	2.905220730339846	10
0	8	seq	Triple Spiral Valley	2048	0.17599999999999996	0.19999999999999996	8.5499349	8.795292100000001	8.795288199999998	2.1546616131352607	2.6070235811986806	2.6070234588096066	10
1	8	seq	Triple Spiral Valley	2048	0.17599999999999996	0.19999999999999996	8.5499349	8.795292100000001	8.795288199999998	2.1546616131352607	2.6070235811986806	2.6070234588096066	10
0	16	seq	Triple Spiral Valley	2048	0.17599999999999996	0.19999999999999996	9.7087137	10.014762099999999	10.0147586	1.4070821020728335	1.6357492619478464	1.6357494243640176	10
1	16	seq	Triple Spiral Valley	2048	0.17599999999999996	0.19999999999999996	9.7087137	10.014762099999999	10.0147586	1.4070821020728335	1.6357492619478464	1.6357494243640176	10
0	32	seq	Triple Spiral Valley	2048	0.17599999999999996	0.19999999999999996	8.238607600000002	8.6885198	8.6885161	1.8929432302388849	2.1969380638982274	2.1969370762532723	10
1	32	seq	Triple Spiral Valley	2048	0.17599999999999996	0.19999999999999996	8.238607600000002	8.6885198	8.6885161	1.8929432302388849	2.1969380638982274	2.1969370762532723	10
0	1	seq	Triple Spiral Valley	4096	0.17600000000000005	0.20000000000000004	34.9403933	36.482813349999994	36.48281074999999	7.244606885884328	9.072825068845463	9.072826055417618	10
1	1	seq	Triple Spiral Valley	4096	0.17600000000000005	0.20000000000000004	34.9403933	36.482813349999994	36.48281074999999	7.244606885884328	9.072825068845463	9.072826055417618	10
0	2	seq	Triple Spiral Valley	4096	0.17599999999999996	0.19999999999999996	36.24365110000001	37.813841100000005	37.8138372	5.206499754654755	7.396038975828771	7.396039331386772	10
1	2	seq	Triple Spiral Valley	4096	0.17599999999999996	0.19999999999999996	36.24365110000001	37.813841100000005	37.8138372	5.206499754654755	7.396038975828771	7.396039331386772	10
0	4	seq	Triple Spiral Valley	4096	0.17599999999999996	0.19999999999999996	36.115802	38.0505614	38.05055829999999	5.805270349476346	6.4643450738887145	6.464344591479451	10
1	4	seq	Triple Spiral Valley	4096	0.17599999999999996	0.19999999999999996	36.115802	38.0505614	38.05055829999999	5.805270349476346	6.4643450738887145	6.464344591479451	10
0	8	seq	Triple Spiral Valley	4096	0.17599999999999996	0.19999999999999996	37.824160500000005	38.695454600000005	38.6954506	4.502808594210615	5.153061502982124	5.153061356504655	10
1	8	seq	Triple Spiral Valley	4096	0.17599999999999996	0.19999999999999996	37.824160500000005	38.695454600000005	38.6954506	4.502808594210615	5.153061502982124	5.153061356504655	10
0	16	seq	Triple Spiral Valley	4096	0.17599999999999996	0.19999999999999996	35.6478532	35.7643662	35.764363100000004	5.094034837198329	5.182758906248176	5.182759102485728	10
1	16	seq	Triple Spiral Valley	4096	0.17599999999999996	0.19999999999999996	35.6478532	35.7643662	35.764363100000004	5.094034837198329	5.182758906248176	5.182759102485728	10
0	32	seq	Triple Spiral Valley	4096	0.17599999999999996	0.19999999999999996	34.0808277	34.367087000000005	34.3670831	4.539864972696371	4.546782394053035	4.546782555944886	10
1	32	seq	Triple Spiral Valley	4096	0.17599999999999996	0.19999999999999996	34.0808277	34.367087000000005	34.3670831	4.539864972696371	4.546782394053035	4.546782555944886	10
0	1	seq	Triple Spiral Valley	8192	0.17600000000000005	0.20000000000000004	148.18320905	148.82712264999995	148.8271203	15.750813867581408	15.914980992204347	15.91498300961872	10
1	1	seq	Triple Spiral Valley	8192	0.17600000000000005	0.20000000000000004	148.18320905	148.82712264999995	148.8271203	15.750813867581408	15.914980992204347	15.91498300961872	10
0	2	seq	Triple Spiral Valley	8192	0.17599999999999996	0.19999999999999996	157.5696673	157.7720822	157.7720782	14.678029612098944	14.684438406327597	14.684437525663718	10
1	2	seq	Triple Spiral Valley	8192	0.17599999999999996	0.19999999999999996	157.5696673	157.7720822	157.7720782	14.678029612098944	14.684438406327597	14.684437525663718	10
0	4	seq	Triple Spiral Valley	8192	0.17599999999999996	0.19999999999999996	144.9385665	145.0817764	145.08177310000002	43.45991468471386	43.555259111636865	43.555257914680155	10
1	4	seq	Triple Spiral Valley	8192	0.17599999999999996	0.19999999999999996	144.9385665	145.0817764	145.08177310000002	43.45991468471386	43.555259111636865	43.555257914680155	10
0	8	seq	Triple Spiral Valley	8192	0.17599999999999996	0.19999999999999996	152.58539620000002	152.7860138	152.78601050000003	27.116659405085205	27.29591613894208	27.295915582412682	10
1	8	seq	Triple Spiral Valley	8192	0.17599999999999996	0.19999999999999996	152.58539620000002	152.7860138	152.78601050000003	27.116659405085205	27.29591613894208	27.295915582412682	10
0	16	seq	Triple Spiral Valley	8192	0.17599999999999996	0.19999999999999996	154.456752	154.4634323	154.46342880000003	25.297407331140374	25.302036754536047	25.302036667403883	10
1	16	seq	Triple Spiral Valley	8192	0.17599999999999996	0.19999999999999996	154.456752	154.4634323	154.46342880000003	25.297407331140374	25.302036754536047	25.302036667403883	10
0	32	seq	Triple Spiral Valley	8192	0.17599999999999996	0.19999999999999996	158.8862286	158.9080404	158.9080363	24.047374230414068	24.076610897521494	24.07661074526629	10
1	32	seq	Triple Spiral Valley	8192	0.17599999999999996	0.19999999999999996	158.8862286	158.9080404	158.9080363	24.047374230414068	24.076610897521494	24.07661074526629	10
